Subject,Sound,Response_preference,Response_score,Response_score_2,Difference_1,Difference_2,Difference_test,Difference_3,Category
123,dam.wav,s,1,-1,na,2,2,2,n
123,dam.wav,r,1,1,-2,na,-2,2,n
122,dam.wav,r,2,2,na,-2,-2,2,n
122,dam.wav,n,0,0,2,na,2,2,n
121,dam.wav,s,1,-1,na,1,1,1,n
121,dam.wav,n,0,0,-1,na,-1,1,n
120,dam.wav,r,1,1,na,-3,-3,3,n
120,dam.wav,s,2,-2,3,na,3,3,n
119,dam.wav,s,2,-2,na,4,4,4,n
119,dam.wav,r,2,2,-4,na,-4,4,n
118,dam.wav,r,2,2,na,0,0,0,n
118,dam.wav,r,2,2,0,na,0,0,n
117,dam.wav,n,0,0,na,2,2,2,n
117,dam.wav,r,2,2,-2,na,-2,2,n
116,dam.wav,s,2,-2,na,4,4,4,n
116,dam.wav,r,2,2,-4,na,-4,4,n
114,dam.wav,r,1,1,na,-1,-1,1,n
114,dam.wav,n,0,0,1,na,1,1,n
113,dam.wav,r,1,1,na,2,2,2,n
113,dam.wav,r,3,3,-2,na,-2,2,n
112,dam.wav,s,2,-2,na,0,0,0,n
112,dam.wav,s,2,-2,0,na,0,0,n
111,dam.wav,n,0,0,na,0,0,0,n
111,dam.wav,n,0,0,0,na,0,0,n
110,dam.wav,n,0,0,na,-1,-1,1,n
110,dam.wav,s,1,-1,1,na,1,1,n
109,dam.wav,r,1,1,na,0,0,0,n
109,dam.wav,r,1,1,0,na,0,0,n
107,dam.wav,r,1,1,na,-1,-1,1,n
107,dam.wav,n,0,0,1,na,1,1,n
106,dam.wav,r,2,2,na,-4,-4,4,n
106,dam.wav,s,2,-2,4,na,4,4,n
105,dam.wav,r,2,2,na,-1,-1,1,n
105,dam.wav,r,1,1,1,na,1,1,n
104,dam.wav,n,0,0,na,0,0,0,n
104,dam.wav,n,0,0,0,na,0,0,n
103,dam.wav,n,0,0,na,0,0,0,n
103,dam.wav,n,0,0,0,na,0,0,n
102,dam.wav,r,2,2,na,-3,-3,3,n
102,dam.wav,s,1,-1,3,na,3,3,n
101,dam.wav,n,0,0,na,1,1,1,n
101,dam.wav,r,1,1,-1,na,-1,1,n
108,dam.wav,r,2,2,na,-2,-2,2,n
108,dam.wav,n,0,0,2,na,2,2,n
123,dɒf.wav,r,2,2,na,1,1,1,n
123,dɒf.wav,r,3,3,-1,na,-1,1,n
122,dɒf.wav,n,0,0,na,1,1,1,n
122,dɒf.wav,r,1,1,-1,na,-1,1,n
121,dɒf.wav,n,0,0,na,0,0,0,n
121,dɒf.wav,n,0,0,0,na,0,0,n
120,dɒf.wav,s,1,-1,na,3,3,3,n
120,dɒf.wav,r,2,2,-3,na,-3,3,n
119,dɒf.wav,r,2,2,na,-4,-4,4,n
119,dɒf.wav,s,2,-2,4,na,4,4,n
118,dɒf.wav,r,1,1,na,0,0,0,n
118,dɒf.wav,r,1,1,0,na,0,0,n
117,dɒf.wav,r,1,1,na,-3,-3,3,n
117,dɒf.wav,s,2,-2,3,na,3,3,n
116,dɒf.wav,n,0,0,na,-2,-2,2,n
116,dɒf.wav,s,2,-2,2,na,2,2,n
114,dɒf.wav,n,0,0,na,1,1,1,n
114,dɒf.wav,r,1,1,-1,na,-1,1,n
113,dɒf.wav,r,1,1,na,2,2,2,n
113,dɒf.wav,r,3,3,-2,na,-2,2,n
112,dɒf.wav,r,2,2,na,-2,-2,2,n
112,dɒf.wav,n,0,0,2,na,2,2,n
111,dɒf.wav,r,1,1,na,-2,-2,2,n
111,dɒf.wav,s,1,-1,2,na,2,2,n
110,dɒf.wav,s,1,-1,na,1,1,1,n
110,dɒf.wav,n,0,0,-1,na,-1,1,n
109,dɒf.wav,s,1,-1,na,0,0,0,n
109,dɒf.wav,s,1,-1,0,na,0,0,n
107,dɒf.wav,n,0,0,na,-1,-1,1,n
107,dɒf.wav,s,1,-1,1,na,1,1,n
106,dɒf.wav,s,2,-2,na,4,4,4,n
106,dɒf.wav,r,2,2,-4,na,-4,4,n
105,dɒf.wav,n,0,0,na,1,1,1,n
105,dɒf.wav,r,1,1,-1,na,-1,1,n
104,dɒf.wav,n,0,0,na,0,0,0,n
104,dɒf.wav,n,0,0,0,na,0,0,n
103,dɒf.wav,n,0,0,na,0,0,0,n
103,dɒf.wav,n,0,0,0,na,0,0,n
102,dɒf.wav,s,1,-1,na,3,3,3,n
102,dɒf.wav,r,2,2,-3,na,-3,3,n
101,dɒf.wav,r,1,1,na,0,0,0,n
101,dɒf.wav,r,1,1,0,na,0,0,n
108,dɒf.wav,n,0,0,na,0,0,0,n
108,dɒf.wav,n,0,0,0,na,0,0,n
123,dul.wav,r,1,1,na,0,0,0,n
123,dul.wav,r,1,1,0,na,0,0,n
122,dul.wav,s,1,-1,na,2,2,2,n
122,dul.wav,r,1,1,-2,na,-2,2,n
121,dul.wav,s,2,-2,na,0,0,0,n
121,dul.wav,s,2,-2,0,na,0,0,n
120,dul.wav,r,1,1,na,-1,-1,1,n
120,dul.wav,n,0,0,1,na,1,1,n
119,dul.wav,r,2,2,na,0,0,0,n
119,dul.wav,r,2,2,0,na,0,0,n
118,dul.wav,r,1,1,na,0,0,0,n
118,dul.wav,r,1,1,0,na,0,0,n
117,dul.wav,n,0,0,na,0,0,0,n
117,dul.wav,n,0,0,0,na,0,0,n
116,dul.wav,s,2,-2,na,0,0,0,n
116,dul.wav,s,2,-2,0,na,0,0,n
114,dul.wav,r,1,1,na,1,1,1,n
114,dul.wav,r,2,2,-1,na,-1,1,n
113,dul.wav,r,3,3,na,-2,-2,2,n
113,dul.wav,r,1,1,2,na,2,2,n
112,dul.wav,r,3,3,na,-4,-4,4,n
112,dul.wav,s,1,-1,4,na,4,4,n
111,dul.wav,r,1,1,na,0,0,0,n
111,dul.wav,r,1,1,0,na,0,0,n
110,dul.wav,n,0,0,na,1,1,1,n
110,dul.wav,r,1,1,-1,na,-1,1,n
109,dul.wav,r,1,1,na,1,1,1,n
109,dul.wav,r,2,2,-1,na,-1,1,n
107,dul.wav,r,1,1,na,2,2,2,n
107,dul.wav,r,3,3,-2,na,-2,2,n
106,dul.wav,s,2,-2,na,4,4,4,n
106,dul.wav,r,2,2,-4,na,-4,4,n
105,dul.wav,r,1,1,na,-1,-1,1,n
105,dul.wav,n,0,0,1,na,1,1,n
104,dul.wav,n,0,0,na,0,0,0,n
104,dul.wav,n,0,0,0,na,0,0,n
103,dul.wav,n,0,0,na,0,0,0,n
103,dul.wav,n,0,0,0,na,0,0,n
102,dul.wav,r,2,2,na,-2,-2,2,n
102,dul.wav,n,0,0,2,na,2,2,n
101,dul.wav,s,2,-2,na,3,3,3,n
101,dul.wav,r,1,1,-3,na,-3,3,n
108,dul.wav,n,0,0,na,0,0,0,n
108,dul.wav,n,0,0,0,na,0,0,n
123,fɒd.wav,s,1,-1,na,2,2,2,n
123,fɒd.wav,r,1,1,-2,na,-2,2,n
122,fɒd.wav,r,1,1,na,-1,-1,1,n
122,fɒd.wav,n,0,0,1,na,1,1,n
121,fɒd.wav,n,0,0,na,0,0,0,n
121,fɒd.wav,n,0,0,0,na,0,0,n
120,fɒd.wav,s,1,-1,na,3,3,3,n
120,fɒd.wav,r,2,2,-3,na,-3,3,n
119,fɒd.wav,s,2,-2,na,0,0,0,n
119,fɒd.wav,s,2,-2,0,na,0,0,n
118,fɒd.wav,s,1,-1,na,2,2,2,n
118,fɒd.wav,r,1,1,-2,na,-2,2,n
117,fɒd.wav,s,2,-2,na,1,1,1,n
117,fɒd.wav,s,1,-1,-1,na,-1,1,n
116,fɒd.wav,n,0,0,na,-2,-2,2,n
116,fɒd.wav,s,2,-2,2,na,2,2,n
114,fɒd.wav,r,2,2,na,-3,-3,3,n
114,fɒd.wav,s,1,-1,3,na,3,3,n
113,fɒd.wav,r,2,2,na,1,1,1,n
113,fɒd.wav,r,3,3,-1,na,-1,1,n
112,fɒd.wav,s,2,-2,na,4,4,4,n
112,fɒd.wav,r,2,2,-4,na,-4,4,n
111,fɒd.wav,r,1,1,na,-2,-2,2,n
111,fɒd.wav,s,1,-1,2,na,2,2,n
110,fɒd.wav,s,1,-1,na,1,1,1,n
110,fɒd.wav,n,0,0,-1,na,-1,1,n
109,fɒd.wav,s,1,-1,na,0,0,0,n
109,fɒd.wav,s,1,-1,0,na,0,0,n
107,fɒd.wav,r,2,2,na,0,0,0,n
107,fɒd.wav,r,2,2,0,na,0,0,n
106,fɒd.wav,n,0,0,na,2,2,2,n
106,fɒd.wav,r,2,2,-2,na,-2,2,n
105,fɒd.wav,r,1,1,na,1,1,1,n
105,fɒd.wav,r,2,2,-1,na,-1,1,n
104,fɒd.wav,n,0,0,na,0,0,0,n
104,fɒd.wav,n,0,0,0,na,0,0,n
103,fɒd.wav,n,0,0,na,0,0,0,n
103,fɒd.wav,n,0,0,0,na,0,0,n
102,fɒd.wav,r,1,1,na,-2,-2,2,n
102,fɒd.wav,s,1,-1,2,na,2,2,n
101,fɒd.wav,r,1,1,na,0,0,0,n
101,fɒd.wav,r,1,1,0,na,0,0,n
108,fɒd.wav,r,2,2,na,0,0,0,n
108,fɒd.wav,r,2,2,0,na,0,0,n
123,fɛn.wav,s,2,-2,na,-1,-1,1,n
123,fɛn.wav,s,3,-3,1,na,1,1,n
122,fɛn.wav,r,1,1,na,-2,-2,2,n
122,fɛn.wav,s,1,-1,2,na,2,2,n
121,fɛn.wav,s,1,-1,na,1,1,1,n
121,fɛn.wav,n,0,0,-1,na,-1,1,n
120,fɛn.wav,n,0,0,na,2,2,2,n
120,fɛn.wav,r,2,2,-2,na,-2,2,n
119,fɛn.wav,s,2,-2,na,4,4,4,n
119,fɛn.wav,r,2,2,-4,na,-4,4,n
118,fɛn.wav,s,2,-2,na,3,3,3,n
118,fɛn.wav,r,1,1,-3,na,-3,3,n
117,fɛn.wav,s,2,-2,na,4,4,4,n
117,fɛn.wav,r,2,2,-4,na,-4,4,n
116,fɛn.wav,r,2,2,na,-1,-1,1,n
116,fɛn.wav,r,1,1,1,na,1,1,n
114,fɛn.wav,r,1,1,na,-1,-1,1,n
114,fɛn.wav,n,0,0,1,na,1,1,n
113,fɛn.wav,r,2,2,na,-2,-2,2,n
113,fɛn.wav,n,0,0,2,na,2,2,n
112,fɛn.wav,s,1,-1,na,0,0,0,n
112,fɛn.wav,s,1,-1,0,na,0,0,n
111,fɛn.wav,n,0,0,na,0,0,0,n
111,fɛn.wav,n,0,0,0,na,0,0,n
110,fɛn.wav,s,3,-3,na,6,6,6,n
110,fɛn.wav,r,3,3,-6,na,-6,6,n
109,fɛn.wav,r,1,1,na,-2,-2,2,n
109,fɛn.wav,s,1,-1,2,na,2,2,n
107,fɛn.wav,s,1,-1,na,1,1,1,n
107,fɛn.wav,n,0,0,-1,na,-1,1,n
106,fɛn.wav,s,2,-2,na,0,0,0,n
106,fɛn.wav,s,2,-2,0,na,0,0,n
105,fɛn.wav,n,0,0,na,-2,-2,2,n
105,fɛn.wav,s,2,-2,2,na,2,2,n
104,fɛn.wav,n,0,0,na,0,0,0,n
104,fɛn.wav,n,0,0,0,na,0,0,n
103,fɛn.wav,n,0,0,na,0,0,0,n
103,fɛn.wav,n,0,0,0,na,0,0,n
102,fɛn.wav,r,2,2,na,-2,-2,2,n
102,fɛn.wav,n,0,0,2,na,2,2,n
101,fɛn.wav,s,1,-1,na,2,2,2,n
101,fɛn.wav,r,1,1,-2,na,-2,2,n
108,fɛn.wav,s,1,-1,na,1,1,1,n
108,fɛn.wav,n,0,0,-1,na,-1,1,n
123,fim.wav,r,1,1,na,2,2,2,n
123,fim.wav,r,3,3,-2,na,-2,2,n
122,fim.wav,n,0,0,na,0,0,0,n
122,fim.wav,n,0,0,0,na,0,0,n
121,fim.wav,n,0,0,na,0,0,0,n
121,fim.wav,n,0,0,0,na,0,0,n
120,fim.wav,r,1,1,na,1,1,1,n
120,fim.wav,r,2,2,-1,na,-1,1,n
119,fim.wav,r,2,2,na,0,0,0,n
119,fim.wav,r,2,2,0,na,0,0,n
118,fim.wav,s,1,-1,na,2,2,2,n
118,fim.wav,r,1,1,-2,na,-2,2,n
117,fim.wav,s,2,-2,na,3,3,3,n
117,fim.wav,r,1,1,-3,na,-3,3,n
116,fim.wav,s,3,-3,na,1,1,1,n
116,fim.wav,s,2,-2,-1,na,-1,1,n
114,fim.wav,r,1,1,na,-1,-1,1,n
114,fim.wav,n,0,0,1,na,1,1,n
113,fim.wav,s,3,-3,na,5,5,5,n
113,fim.wav,r,2,2,-5,na,-5,5,n
112,fim.wav,r,3,3,na,-3,-3,3,n
112,fim.wav,n,0,0,3,na,3,3,n
111,fim.wav,s,2,-2,na,3,3,3,n
111,fim.wav,r,1,1,-3,na,-3,3,n
110,fim.wav,n,0,0,na,-1,-1,1,n
110,fim.wav,s,1,-1,1,na,1,1,n
109,fim.wav,s,2,-2,na,4,4,4,n
109,fim.wav,r,2,2,-4,na,-4,4,n
107,fim.wav,n,0,0,na,-1,-1,1,n
107,fim.wav,s,1,-1,1,na,1,1,n
106,fim.wav,s,3,-3,na,1,1,1,n
106,fim.wav,s,2,-2,-1,na,-1,1,n
105,fim.wav,s,1,-1,na,1,1,1,n
105,fim.wav,n,0,0,-1,na,-1,1,n
104,fim.wav,n,0,0,na,0,0,0,n
104,fim.wav,n,0,0,0,na,0,0,n
103,fim.wav,n,0,0,na,0,0,0,n
103,fim.wav,n,0,0,0,na,0,0,n
102,fim.wav,r,2,2,na,0,0,0,n
102,fim.wav,r,2,2,0,na,0,0,n
101,fim.wav,r,2,2,na,-3,-3,3,n
101,fim.wav,s,1,-1,3,na,3,3,n
108,fim.wav,r,2,2,na,-2,-2,2,n
108,fim.wav,n,0,0,2,na,2,2,n
123,fin.wav,r,1,1,na,2,2,2,n
123,fin.wav,r,3,3,-2,na,-2,2,n
122,fin.wav,n,0,0,na,0,0,0,n
122,fin.wav,n,0,0,0,na,0,0,n
121,fin.wav,n,0,0,na,0,0,0,n
121,fin.wav,n,0,0,0,na,0,0,n
120,fin.wav,r,2,2,na,-3,-3,3,n
120,fin.wav,s,1,-1,3,na,3,3,n
119,fin.wav,r,2,2,na,0,0,0,n
119,fin.wav,r,2,2,0,na,0,0,n
118,fin.wav,r,2,2,na,-1,-1,1,n
118,fin.wav,r,1,1,1,na,1,1,n
117,fin.wav,s,2,-2,na,0,0,0,n
117,fin.wav,s,2,-2,0,na,0,0,n
116,fin.wav,s,3,-3,na,5,5,5,n
116,fin.wav,r,2,2,-5,na,-5,5,n
114,fin.wav,r,1,1,na,-2,-2,2,n
114,fin.wav,s,1,-1,2,na,2,2,n
113,fin.wav,n,0,0,na,1,1,1,n
113,fin.wav,r,1,1,-1,na,-1,1,n
112,fin.wav,r,1,1,na,-3,-3,3,n
112,fin.wav,s,2,-2,3,na,3,3,n
111,fin.wav,s,1,-1,na,-1,-1,1,n
111,fin.wav,s,2,-2,1,na,1,1,n
110,fin.wav,n,0,0,na,2,2,2,n
110,fin.wav,r,2,2,-2,na,-2,2,n
109,fin.wav,s,1,-1,na,0,0,0,n
109,fin.wav,s,1,-1,0,na,0,0,n
107,fin.wav,s,1,-1,na,2,2,2,n
107,fin.wav,r,1,1,-2,na,-2,2,n
106,fin.wav,s,3,-3,na,1,1,1,n
106,fin.wav,s,2,-2,-1,na,-1,1,n
105,fin.wav,s,1,-1,na,-1,-1,1,n
105,fin.wav,s,2,-2,1,na,1,1,n
104,fin.wav,n,0,0,na,0,0,0,n
104,fin.wav,n,0,0,0,na,0,0,n
103,fin.wav,n,0,0,na,0,0,0,n
103,fin.wav,n,0,0,0,na,0,0,n
102,fin.wav,n,0,0,na,2,2,2,n
102,fin.wav,r,2,2,-2,na,-2,2,n
101,fin.wav,r,1,1,na,1,1,1,n
101,fin.wav,r,2,2,-1,na,-1,1,n
108,fin.wav,r,1,1,na,1,1,1,n
108,fin.wav,r,2,2,-1,na,-1,1,n
123,gal.wav,r,2,2,na,0,0,0,n
123,gal.wav,r,2,2,0,na,0,0,n
122,gal.wav,n,0,0,na,0,0,0,n
122,gal.wav,n,0,0,0,na,0,0,n
121,gal.wav,r,1,1,na,-1,-1,1,n
121,gal.wav,n,0,0,1,na,1,1,n
120,gal.wav,s,1,-1,na,3,3,3,n
120,gal.wav,r,2,2,-3,na,-3,3,n
119,gal.wav,s,2,-2,na,4,4,4,n
119,gal.wav,r,2,2,-4,na,-4,4,n
118,gal.wav,r,1,1,na,-1,-1,1,n
118,gal.wav,n,0,0,1,na,1,1,n
117,gal.wav,r,2,2,na,0,0,0,n
117,gal.wav,r,2,2,0,na,0,0,n
116,gal.wav,r,1,1,na,1,1,1,n
116,gal.wav,r,2,2,-1,na,-1,1,n
114,gal.wav,n,0,0,na,1,1,1,n
114,gal.wav,r,1,1,-1,na,-1,1,n
113,gal.wav,r,1,1,na,-1,-1,1,n
113,gal.wav,n,0,0,1,na,1,1,n
112,gal.wav,s,3,-3,na,4,4,4,n
112,gal.wav,r,1,1,-4,na,-4,4,n
111,gal.wav,r,2,2,na,-3,-3,3,n
111,gal.wav,s,1,-1,3,na,3,3,n
110,gal.wav,n,0,0,na,-2,-2,2,n
110,gal.wav,s,2,-2,2,na,2,2,n
109,gal.wav,s,2,-2,na,1,1,1,n
109,gal.wav,s,1,-1,-1,na,-1,1,n
107,gal.wav,r,2,2,na,-1,-1,1,n
107,gal.wav,r,1,1,1,na,1,1,n
106,gal.wav,r,2,2,na,1,1,1,n
106,gal.wav,r,3,3,-1,na,-1,1,n
105,gal.wav,n,0,0,na,1,1,1,n
105,gal.wav,r,1,1,-1,na,-1,1,n
104,gal.wav,s,1,-1,na,1,1,1,n
104,gal.wav,n,0,0,-1,na,-1,1,n
103,gal.wav,s,1,-1,na,2,2,2,n
103,gal.wav,r,1,1,-2,na,-2,2,n
102,gal.wav,r,2,2,na,-2,-2,2,n
102,gal.wav,n,0,0,2,na,2,2,n
101,gal.wav,s,1,-1,na,0,0,0,n
101,gal.wav,s,1,-1,0,na,0,0,n
108,gal.wav,n,0,0,na,1,1,1,n
108,gal.wav,r,1,1,-1,na,-1,1,n
123,gɒs.wav,r,2,2,na,-4,-4,4,n
123,gɒs.wav,s,2,-2,4,na,4,4,n
122,gɒs.wav,n,0,0,na,0,0,0,n
122,gɒs.wav,n,0,0,0,na,0,0,n
121,gɒs.wav,n,0,0,na,0,0,0,n
121,gɒs.wav,n,0,0,0,na,0,0,n
120,gɒs.wav,s,2,-2,na,3,3,3,n
120,gɒs.wav,r,1,1,-3,na,-3,3,n
119,gɒs.wav,r,2,2,na,0,0,0,n
119,gɒs.wav,r,2,2,0,na,0,0,n
118,gɒs.wav,s,2,-2,na,1,1,1,n
118,gɒs.wav,s,1,-1,-1,na,-1,1,n
117,gɒs.wav,s,2,-2,na,1,1,1,n
117,gɒs.wav,s,1,-1,-1,na,-1,1,n
116,gɒs.wav,s,2,-2,na,-1,-1,1,n
116,gɒs.wav,s,3,-3,1,na,1,1,n
114,gɒs.wav,s,2,-2,na,2,2,2,n
114,gɒs.wav,n,0,0,-2,na,-2,2,n
113,gɒs.wav,r,1,1,na,0,0,0,n
113,gɒs.wav,r,1,1,0,na,0,0,n
112,gɒs.wav,s,3,-3,na,0,0,0,n
112,gɒs.wav,s,3,-3,0,na,0,0,n
111,gɒs.wav,s,1,-1,na,3,3,3,n
111,gɒs.wav,r,2,2,-3,na,-3,3,n
110,gɒs.wav,s,2,-2,na,2,2,2,n
110,gɒs.wav,n,0,0,-2,na,-2,2,n
109,gɒs.wav,s,2,-2,na,1,1,1,n
109,gɒs.wav,s,1,-1,-1,na,-1,1,n
107,gɒs.wav,r,1,1,na,-3,-3,3,n
107,gɒs.wav,s,2,-2,3,na,3,3,n
106,gɒs.wav,r,2,2,na,-4,-4,4,n
106,gɒs.wav,s,2,-2,4,na,4,4,n
105,gɒs.wav,n,0,0,na,-2,-2,2,n
105,gɒs.wav,s,2,-2,2,na,2,2,n
104,gɒs.wav,n,0,0,na,0,0,0,n
104,gɒs.wav,n,0,0,0,na,0,0,n
103,gɒs.wav,n,0,0,na,0,0,0,n
103,gɒs.wav,n,0,0,0,na,0,0,n
102,gɒs.wav,s,2,-2,na,2,2,2,n
102,gɒs.wav,n,0,0,-2,na,-2,2,n
101,gɒs.wav,s,1,-1,na,2,2,2,n
101,gɒs.wav,r,1,1,-2,na,-2,2,n
108,gɒs.wav,n,0,0,na,-1,-1,1,n
108,gɒs.wav,s,1,-1,1,na,1,1,n
123,gɒv.wav,r,3,3,na,-1,-1,1,n
123,gɒv.wav,r,2,2,1,na,1,1,n
122,gɒv.wav,r,1,1,na,-1,-1,1,n
122,gɒv.wav,n,0,0,1,na,1,1,n
121,gɒv.wav,n,0,0,na,0,0,0,n
121,gɒv.wav,n,0,0,0,na,0,0,n
120,gɒv.wav,n,0,0,na,-1,-1,1,n
120,gɒv.wav,s,1,-1,1,na,1,1,n
119,gɒv.wav,s,2,-2,na,0,0,0,n
119,gɒv.wav,s,2,-2,0,na,0,0,n
118,gɒv.wav,r,2,2,na,-1,-1,1,n
118,gɒv.wav,r,1,1,1,na,1,1,n
117,gɒv.wav,r,2,2,na,-1,-1,1,n
117,gɒv.wav,r,1,1,1,na,1,1,n
116,gɒv.wav,r,1,1,na,0,0,0,n
116,gɒv.wav,r,1,1,0,na,0,0,n
114,gɒv.wav,s,1,-1,na,0,0,0,n
114,gɒv.wav,s,1,-1,0,na,0,0,n
113,gɒv.wav,n,0,0,na,0,0,0,n
113,gɒv.wav,n,0,0,0,na,0,0,n
112,gɒv.wav,r,1,1,na,0,0,0,n
112,gɒv.wav,r,1,1,0,na,0,0,n
111,gɒv.wav,s,1,-1,na,1,1,1,n
111,gɒv.wav,n,0,0,-1,na,-1,1,n
110,gɒv.wav,n,0,0,na,0,0,0,n
110,gɒv.wav,n,0,0,0,na,0,0,n
109,gɒv.wav,s,1,-1,na,2,2,2,n
109,gɒv.wav,r,1,1,-2,na,-2,2,n
107,gɒv.wav,r,1,1,na,1,1,1,n
107,gɒv.wav,r,2,2,-1,na,-1,1,n
106,gɒv.wav,r,2,2,na,-4,-4,4,n
106,gɒv.wav,s,2,-2,4,na,4,4,n
105,gɒv.wav,s,1,-1,na,2,2,2,n
105,gɒv.wav,r,1,1,-2,na,-2,2,n
104,gɒv.wav,n,0,0,na,0,0,0,n
104,gɒv.wav,n,0,0,0,na,0,0,n
103,gɒv.wav,n,0,0,na,0,0,0,n
103,gɒv.wav,n,0,0,0,na,0,0,n
102,gɒv.wav,r,1,1,na,2,2,2,n
102,gɒv.wav,r,3,3,-2,na,-2,2,n
101,gɒv.wav,s,1,-1,na,2,2,2,n
101,gɒv.wav,r,1,1,-2,na,-2,2,n
108,gɒv.wav,n,0,0,na,0,0,0,n
108,gɒv.wav,n,0,0,0,na,0,0,n
123,gʌs.wav,r,2,2,na,-5,-5,5,n
123,gʌs.wav,s,3,-3,5,na,5,5,n
122,gʌs.wav,n,0,0,na,0,0,0,n
122,gʌs.wav,n,0,0,0,na,0,0,n
121,gʌs.wav,n,0,0,na,0,0,0,n
121,gʌs.wav,n,0,0,0,na,0,0,n
120,gʌs.wav,s,1,-1,na,4,4,4,n
120,gʌs.wav,r,3,3,-4,na,-4,4,n
119,gʌs.wav,s,1,-1,na,3,3,3,n
119,gʌs.wav,r,2,2,-3,na,-3,3,n
118,gʌs.wav,s,2,-2,na,1,1,1,n
118,gʌs.wav,s,1,-1,-1,na,-1,1,n
117,gʌs.wav,r,2,2,na,-3,-3,3,n
117,gʌs.wav,s,1,-1,3,na,3,3,n
116,gʌs.wav,n,0,0,na,-2,-2,2,n
116,gʌs.wav,s,2,-2,2,na,2,2,n
114,gʌs.wav,n,0,0,na,-1,-1,1,n
114,gʌs.wav,s,1,-1,1,na,1,1,n
113,gʌs.wav,r,3,3,na,-4,-4,4,n
113,gʌs.wav,s,1,-1,4,na,4,4,n
112,gʌs.wav,s,1,-1,na,-2,-2,2,n
112,gʌs.wav,s,3,-3,2,na,2,2,n
111,gʌs.wav,r,1,1,na,0,0,0,n
111,gʌs.wav,r,1,1,0,na,0,0,n
110,gʌs.wav,r,2,2,na,-2,-2,2,n
110,gʌs.wav,n,0,0,2,na,2,2,n
109,gʌs.wav,r,1,1,na,-2,-2,2,n
109,gʌs.wav,s,1,-1,2,na,2,2,n
107,gʌs.wav,s,2,-2,na,0,0,0,n
107,gʌs.wav,s,2,-2,0,na,0,0,n
106,gʌs.wav,s,2,-2,na,-1,-1,1,n
106,gʌs.wav,s,3,-3,1,na,1,1,n
105,gʌs.wav,n,0,0,na,0,0,0,n
105,gʌs.wav,n,0,0,0,na,0,0,n
104,gʌs.wav,n,0,0,na,0,0,0,n
104,gʌs.wav,n,0,0,0,na,0,0,n
103,gʌs.wav,n,0,0,na,0,0,0,n
103,gʌs.wav,n,0,0,0,na,0,0,n
102,gʌs.wav,s,1,-1,na,0,0,0,n
102,gʌs.wav,s,1,-1,0,na,0,0,n
101,gʌs.wav,n,0,0,na,-1,-1,1,n
101,gʌs.wav,s,1,-1,1,na,1,1,n
108,gʌs.wav,n,0,0,na,1,1,1,n
108,gʌs.wav,r,1,1,-1,na,-1,1,n
123,lɛv.wav,r,2,2,na,1,1,1,n
123,lɛv.wav,r,3,3,-1,na,-1,1,n
122,lɛv.wav,r,1,1,na,-1,-1,1,n
122,lɛv.wav,n,0,0,1,na,1,1,n
121,lɛv.wav,n,0,0,na,0,0,0,n
121,lɛv.wav,n,0,0,0,na,0,0,n
120,lɛv.wav,n,0,0,na,2,2,2,n
120,lɛv.wav,r,2,2,-2,na,-2,2,n
119,lɛv.wav,s,3,-3,na,6,6,6,n
119,lɛv.wav,r,3,3,-6,na,-6,6,n
118,lɛv.wav,s,2,-2,na,3,3,3,n
118,lɛv.wav,r,1,1,-3,na,-3,3,n
117,lɛv.wav,s,2,-2,na,4,4,4,n
117,lɛv.wav,r,2,2,-4,na,-4,4,n
116,lɛv.wav,s,2,-2,na,0,0,0,n
116,lɛv.wav,s,2,-2,0,na,0,0,n
114,lɛv.wav,n,0,0,na,0,0,0,n
114,lɛv.wav,n,0,0,0,na,0,0,n
113,lɛv.wav,r,3,3,na,-2,-2,2,n
113,lɛv.wav,r,1,1,2,na,2,2,n
112,lɛv.wav,n,0,0,na,0,0,0,n
112,lɛv.wav,n,0,0,0,na,0,0,n
111,lɛv.wav,s,1,-1,na,0,0,0,n
111,lɛv.wav,s,1,-1,0,na,0,0,n
110,lɛv.wav,n,0,0,na,0,0,0,n
110,lɛv.wav,n,0,0,0,na,0,0,n
109,lɛv.wav,r,1,1,na,-2,-2,2,n
109,lɛv.wav,s,1,-1,2,na,2,2,n
107,lɛv.wav,n,0,0,na,0,0,0,n
107,lɛv.wav,n,0,0,0,na,0,0,n
106,lɛv.wav,s,2,-2,na,4,4,4,n
106,lɛv.wav,r,2,2,-4,na,-4,4,n
105,lɛv.wav,s,1,-1,na,-1,-1,1,n
105,lɛv.wav,s,2,-2,1,na,1,1,n
104,lɛv.wav,n,0,0,na,0,0,0,n
104,lɛv.wav,n,0,0,0,na,0,0,n
103,lɛv.wav,n,0,0,na,0,0,0,n
103,lɛv.wav,n,0,0,0,na,0,0,n
102,lɛv.wav,r,1,1,na,0,0,0,n
102,lɛv.wav,r,1,1,0,na,0,0,n
101,lɛv.wav,s,1,-1,na,-1,-1,1,n
101,lɛv.wav,s,2,-2,1,na,1,1,n
108,lɛv.wav,n,0,0,na,1,1,1,n
108,lɛv.wav,r,1,1,-1,na,-1,1,n
123,lug.wav,r,2,2,na,-4,-4,4,n
123,lug.wav,s,2,-2,4,na,4,4,n
122,lug.wav,r,1,1,na,-1,-1,1,n
122,lug.wav,n,0,0,1,na,1,1,n
121,lug.wav,n,0,0,na,0,0,0,n
121,lug.wav,n,0,0,0,na,0,0,n
120,lug.wav,r,3,3,na,-1,-1,1,n
120,lug.wav,r,2,2,1,na,1,1,n
119,lug.wav,r,1,1,na,-3,-3,3,n
119,lug.wav,s,2,-2,3,na,3,3,n
118,lug.wav,r,1,1,na,-3,-3,3,n
118,lug.wav,s,2,-2,3,na,3,3,n
117,lug.wav,r,1,1,na,1,1,1,n
117,lug.wav,r,2,2,-1,na,-1,1,n
116,lug.wav,r,2,2,na,-1,-1,1,n
116,lug.wav,r,1,1,1,na,1,1,n
114,lug.wav,n,0,0,na,0,0,0,n
114,lug.wav,n,0,0,0,na,0,0,n
113,lug.wav,r,3,3,na,-2,-2,2,n
113,lug.wav,r,1,1,2,na,2,2,n
112,lug.wav,n,0,0,na,2,2,2,n
112,lug.wav,r,2,2,-2,na,-2,2,n
111,lug.wav,n,0,0,na,0,0,0,n
111,lug.wav,n,0,0,0,na,0,0,n
110,lug.wav,s,2,-2,na,2,2,2,n
110,lug.wav,n,0,0,-2,na,-2,2,n
109,lug.wav,r,2,2,na,-4,-4,4,n
109,lug.wav,s,2,-2,4,na,4,4,n
107,lug.wav,n,0,0,na,0,0,0,n
107,lug.wav,n,0,0,0,na,0,0,n
106,lug.wav,r,2,2,na,0,0,0,n
106,lug.wav,r,2,2,0,na,0,0,n
105,lug.wav,r,2,2,na,1,1,1,n
105,lug.wav,r,3,3,-1,na,-1,1,n
104,lug.wav,n,0,0,na,0,0,0,n
104,lug.wav,n,0,0,0,na,0,0,n
103,lug.wav,n,0,0,na,0,0,0,n
103,lug.wav,n,0,0,0,na,0,0,n
102,lug.wav,r,2,2,na,-2,-2,2,n
102,lug.wav,n,0,0,2,na,2,2,n
101,lug.wav,r,1,1,na,1,1,1,n
101,lug.wav,r,2,2,-1,na,-1,1,n
108,lug.wav,r,1,1,na,0,0,0,n
108,lug.wav,r,1,1,0,na,0,0,n
123,mag.wav,s,2,-2,na,-1,-1,1,n
123,mag.wav,s,3,-3,1,na,1,1,n
122,mag.wav,r,1,1,na,-2,-2,2,n
122,mag.wav,s,1,-1,2,na,2,2,n
121,mag.wav,n,0,0,na,1,1,1,n
121,mag.wav,r,1,1,-1,na,-1,1,n
120,mag.wav,s,1,-1,na,-1,-1,1,n
120,mag.wav,s,2,-2,1,na,1,1,n
119,mag.wav,s,3,-3,na,1,1,1,n
119,mag.wav,s,2,-2,-1,na,-1,1,n
118,mag.wav,r,2,2,na,-4,-4,4,n
118,mag.wav,s,2,-2,4,na,4,4,n
117,mag.wav,r,2,2,na,-4,-4,4,n
117,mag.wav,s,2,-2,4,na,4,4,n
116,mag.wav,n,0,0,na,2,2,2,n
116,mag.wav,r,2,2,-2,na,-2,2,n
114,mag.wav,r,1,1,na,-2,-2,2,n
114,mag.wav,s,1,-1,2,na,2,2,n
113,mag.wav,r,2,2,na,-1,-1,1,n
113,mag.wav,r,1,1,1,na,1,1,n
112,mag.wav,r,3,3,na,-1,-1,1,n
112,mag.wav,r,2,2,1,na,1,1,n
111,mag.wav,n,0,0,na,-2,-2,2,n
111,mag.wav,s,2,-2,2,na,2,2,n
110,mag.wav,n,0,0,na,0,0,0,n
110,mag.wav,n,0,0,0,na,0,0,n
109,mag.wav,s,3,-3,na,1,1,1,n
109,mag.wav,s,2,-2,-1,na,-1,1,n
107,mag.wav,n,0,0,na,0,0,0,n
107,mag.wav,n,0,0,0,na,0,0,n
106,mag.wav,s,2,-2,na,4,4,4,n
106,mag.wav,r,2,2,-4,na,-4,4,n
105,mag.wav,r,2,2,na,1,1,1,n
105,mag.wav,r,3,3,-1,na,-1,1,n
104,mag.wav,n,0,0,na,0,0,0,n
104,mag.wav,n,0,0,0,na,0,0,n
103,mag.wav,n,0,0,na,0,0,0,n
103,mag.wav,n,0,0,0,na,0,0,n
102,mag.wav,s,1,-1,na,1,1,1,n
102,mag.wav,n,0,0,-1,na,-1,1,n
101,mag.wav,n,0,0,na,1,1,1,n
101,mag.wav,r,1,1,-1,na,-1,1,n
108,mag.wav,s,1,-1,na,0,0,0,n
108,mag.wav,s,1,-1,0,na,0,0,n
123,mɛv.wav,s,2,-2,na,3,3,3,n
123,mɛv.wav,r,1,1,-3,na,-3,3,n
122,mɛv.wav,n,0,0,na,1,1,1,n
122,mɛv.wav,r,1,1,-1,na,-1,1,n
121,mɛv.wav,n,0,0,na,0,0,0,n
121,mɛv.wav,n,0,0,0,na,0,0,n
120,mɛv.wav,n,0,0,na,1,1,1,n
120,mɛv.wav,r,1,1,-1,na,-1,1,n
119,mɛv.wav,r,2,2,na,0,0,0,n
119,mɛv.wav,r,2,2,0,na,0,0,n
118,mɛv.wav,r,2,2,na,-1,-1,1,n
118,mɛv.wav,r,1,1,1,na,1,1,n
117,mɛv.wav,n,0,0,na,2,2,2,n
117,mɛv.wav,r,2,2,-2,na,-2,2,n
116,mɛv.wav,r,2,2,na,0,0,0,n
116,mɛv.wav,r,2,2,0,na,0,0,n
114,mɛv.wav,s,1,-1,na,0,0,0,n
114,mɛv.wav,s,1,-1,0,na,0,0,n
113,mɛv.wav,n,0,0,na,1,1,1,n
113,mɛv.wav,r,1,1,-1,na,-1,1,n
112,mɛv.wav,r,1,1,na,0,0,0,n
112,mɛv.wav,r,1,1,0,na,0,0,n
111,mɛv.wav,s,1,-1,na,1,1,1,n
111,mɛv.wav,n,0,0,-1,na,-1,1,n
110,mɛv.wav,r,1,1,na,-1,-1,1,n
110,mɛv.wav,n,0,0,1,na,1,1,n
109,mɛv.wav,s,1,-1,na,0,0,0,n
109,mɛv.wav,s,1,-1,0,na,0,0,n
107,mɛv.wav,n,0,0,na,2,2,2,n
107,mɛv.wav,r,2,2,-2,na,-2,2,n
106,mɛv.wav,r,2,2,na,1,1,1,n
106,mɛv.wav,r,3,3,-1,na,-1,1,n
105,mɛv.wav,s,1,-1,na,1,1,1,n
105,mɛv.wav,n,0,0,-1,na,-1,1,n
104,mɛv.wav,n,0,0,na,0,0,0,n
104,mɛv.wav,n,0,0,0,na,0,0,n
103,mɛv.wav,n,0,0,na,0,0,0,n
103,mɛv.wav,n,0,0,0,na,0,0,n
102,mɛv.wav,r,1,1,na,-1,-1,1,n
102,mɛv.wav,n,0,0,1,na,1,1,n
101,mɛv.wav,r,1,1,na,-3,-3,3,n
101,mɛv.wav,s,2,-2,3,na,3,3,n
108,mɛv.wav,s,1,-1,na,0,0,0,n
108,mɛv.wav,s,1,-1,0,na,0,0,n
123,mif.wav,r,2,2,na,1,1,1,n
123,mif.wav,r,3,3,-1,na,-1,1,n
122,mif.wav,r,1,1,na,0,0,0,n
122,mif.wav,r,1,1,0,na,0,0,n
121,mif.wav,n,0,0,na,0,0,0,n
121,mif.wav,n,0,0,0,na,0,0,n
120,mif.wav,n,0,0,na,-2,-2,2,n
120,mif.wav,s,2,-2,2,na,2,2,n
119,mif.wav,r,2,2,na,-4,-4,4,n
119,mif.wav,s,2,-2,4,na,4,4,n
118,mif.wav,n,0,0,na,1,1,1,n
118,mif.wav,r,1,1,-1,na,-1,1,n
117,mif.wav,r,1,1,na,-1,-1,1,n
117,mif.wav,n,0,0,1,na,1,1,n
116,mif.wav,s,2,-2,na,3,3,3,n
116,mif.wav,r,1,1,-3,na,-3,3,n
114,mif.wav,s,1,-1,na,2,2,2,n
114,mif.wav,r,1,1,-2,na,-2,2,n
113,mif.wav,r,1,1,na,2,2,2,n
113,mif.wav,r,3,3,-2,na,-2,2,n
112,mif.wav,r,2,2,na,0,0,0,n
112,mif.wav,r,2,2,0,na,0,0,n
111,mif.wav,n,0,0,na,2,2,2,n
111,mif.wav,r,2,2,-2,na,-2,2,n
110,mif.wav,r,1,1,na,-1,-1,1,n
110,mif.wav,n,0,0,1,na,1,1,n
109,mif.wav,r,1,1,na,-2,-2,2,n
109,mif.wav,s,1,-1,2,na,2,2,n
107,mif.wav,r,1,1,na,-1,-1,1,n
107,mif.wav,n,0,0,1,na,1,1,n
106,mif.wav,s,2,-2,na,4,4,4,n
106,mif.wav,r,2,2,-4,na,-4,4,n
105,mif.wav,n,0,0,na,-1,-1,1,n
105,mif.wav,s,1,-1,1,na,1,1,n
104,mif.wav,s,2,-2,na,2,2,2,n
104,mif.wav,n,0,0,-2,na,-2,2,n
103,mif.wav,n,0,0,na,0,0,0,n
103,mif.wav,n,0,0,0,na,0,0,n
102,mif.wav,n,0,0,na,2,2,2,n
102,mif.wav,r,2,2,-2,na,-2,2,n
101,mif.wav,r,1,1,na,0,0,0,n
101,mif.wav,r,1,1,0,na,0,0,n
108,mif.wav,r,2,2,na,-1,-1,1,n
108,mif.wav,r,1,1,1,na,1,1,n
123,mup.wav,r,1,1,na,2,2,2,n
123,mup.wav,r,3,3,-2,na,-2,2,n
122,mup.wav,r,1,1,na,-1,-1,1,n
122,mup.wav,n,0,0,1,na,1,1,n
121,mup.wav,n,0,0,na,0,0,0,n
121,mup.wav,n,0,0,0,na,0,0,n
120,mup.wav,r,1,1,na,1,1,1,n
120,mup.wav,r,2,2,-1,na,-1,1,n
119,mup.wav,r,2,2,na,0,0,0,n
119,mup.wav,r,2,2,0,na,0,0,n
118,mup.wav,r,2,2,na,0,0,0,n
118,mup.wav,r,2,2,0,na,0,0,n
117,mup.wav,r,2,2,na,-2,-2,2,n
117,mup.wav,n,0,0,2,na,2,2,n
116,mup.wav,n,0,0,na,0,0,0,n
116,mup.wav,n,0,0,0,na,0,0,n
114,mup.wav,r,2,2,na,-1,-1,1,n
114,mup.wav,r,1,1,1,na,1,1,n
113,mup.wav,r,2,2,na,-1,-1,1,n
113,mup.wav,r,1,1,1,na,1,1,n
112,mup.wav,r,3,3,na,-4,-4,4,n
112,mup.wav,s,1,-1,4,na,4,4,n
111,mup.wav,r,1,1,na,1,1,1,n
111,mup.wav,r,2,2,-1,na,-1,1,n
110,mup.wav,r,2,2,na,-2,-2,2,n
110,mup.wav,n,0,0,2,na,2,2,n
109,mup.wav,s,1,-1,na,2,2,2,n
109,mup.wav,r,1,1,-2,na,-2,2,n
107,mup.wav,r,2,2,na,-1,-1,1,n
107,mup.wav,r,1,1,1,na,1,1,n
106,mup.wav,r,3,3,na,-1,-1,1,n
106,mup.wav,r,2,2,1,na,1,1,n
105,mup.wav,n,0,0,na,2,2,2,n
105,mup.wav,r,2,2,-2,na,-2,2,n
104,mup.wav,n,0,0,na,0,0,0,n
104,mup.wav,n,0,0,0,na,0,0,n
103,mup.wav,n,0,0,na,1,1,1,n
103,mup.wav,r,1,1,-1,na,-1,1,n
102,mup.wav,n,0,0,na,-1,-1,1,n
102,mup.wav,s,1,-1,1,na,1,1,n
101,mup.wav,n,0,0,na,1,1,1,n
101,mup.wav,r,1,1,-1,na,-1,1,n
108,mup.wav,r,3,3,na,-1,-1,1,n
108,mup.wav,r,2,2,1,na,1,1,n
123,nad.wav,s,1,-1,na,-1,-1,1,n
123,nad.wav,s,2,-2,1,na,1,1,n
122,nad.wav,r,1,1,na,0,0,0,n
122,nad.wav,r,1,1,0,na,0,0,n
121,nad.wav,r,1,1,na,0,0,0,n
121,nad.wav,r,1,1,0,na,0,0,n
120,nad.wav,s,1,-1,na,2,2,2,n
120,nad.wav,r,1,1,-2,na,-2,2,n
119,nad.wav,s,2,-2,na,0,0,0,n
119,nad.wav,s,2,-2,0,na,0,0,n
118,nad.wav,r,1,1,na,-2,-2,2,n
118,nad.wav,s,1,-1,2,na,2,2,n
117,nad.wav,n,0,0,na,-2,-2,2,n
117,nad.wav,s,2,-2,2,na,2,2,n
116,nad.wav,r,2,2,na,0,0,0,n
116,nad.wav,r,2,2,0,na,0,0,n
114,nad.wav,r,1,1,na,0,0,0,n
114,nad.wav,r,1,1,0,na,0,0,n
113,nad.wav,s,2,-2,na,5,5,5,n
113,nad.wav,r,3,3,-5,na,-5,5,n
112,nad.wav,r,3,3,na,-4,-4,4,n
112,nad.wav,s,1,-1,4,na,4,4,n
111,nad.wav,n,0,0,na,-2,-2,2,n
111,nad.wav,s,2,-2,2,na,2,2,n
110,nad.wav,s,1,-1,na,2,2,2,n
110,nad.wav,r,1,1,-2,na,-2,2,n
109,nad.wav,s,2,-2,na,1,1,1,n
109,nad.wav,s,1,-1,-1,na,-1,1,n
107,nad.wav,n,0,0,na,0,0,0,n
107,nad.wav,n,0,0,0,na,0,0,n
106,nad.wav,r,2,2,na,-2,-2,2,n
106,nad.wav,n,0,0,2,na,2,2,n
105,nad.wav,r,2,2,na,0,0,0,n
105,nad.wav,r,2,2,0,na,0,0,n
104,nad.wav,n,0,0,na,0,0,0,n
104,nad.wav,n,0,0,0,na,0,0,n
103,nad.wav,n,0,0,na,0,0,0,n
103,nad.wav,n,0,0,0,na,0,0,n
102,nad.wav,s,1,-1,na,2,2,2,n
102,nad.wav,r,1,1,-2,na,-2,2,n
101,nad.wav,r,1,1,na,0,0,0,n
101,nad.wav,r,1,1,0,na,0,0,n
108,nad.wav,s,1,-1,na,1,1,1,n
108,nad.wav,n,0,0,-1,na,-1,1,n
123,nag.wav,r,2,2,na,-5,-5,5,n
123,nag.wav,s,3,-3,5,na,5,5,n
122,nag.wav,r,1,1,na,0,0,0,n
122,nag.wav,r,1,1,0,na,0,0,n
121,nag.wav,s,2,-2,na,2,2,2,n
121,nag.wav,n,0,0,-2,na,-2,2,n
120,nag.wav,r,1,1,na,0,0,0,n
120,nag.wav,r,1,1,0,na,0,0,n
119,nag.wav,s,2,-2,na,0,0,0,n
119,nag.wav,s,2,-2,0,na,0,0,n
118,nag.wav,s,2,-2,na,1,1,1,n
118,nag.wav,s,1,-1,-1,na,-1,1,n
117,nag.wav,r,2,2,na,-2,-2,2,n
117,nag.wav,n,0,0,2,na,2,2,n
116,nag.wav,n,0,0,na,-3,-3,3,n
116,nag.wav,s,3,-3,3,na,3,3,n
114,nag.wav,s,1,-1,na,-1,-1,1,n
114,nag.wav,s,2,-2,1,na,1,1,n
113,nag.wav,s,3,-3,na,2,2,2,n
113,nag.wav,s,1,-1,-2,na,-2,2,n
112,nag.wav,r,3,3,na,0,0,0,n
112,nag.wav,r,3,3,0,na,0,0,n
111,nag.wav,s,1,-1,na,-1,-1,1,n
111,nag.wav,s,2,-2,1,na,1,1,n
110,nag.wav,n,0,0,na,1,1,1,n
110,nag.wav,r,1,1,-1,na,-1,1,n
109,nag.wav,s,2,-2,na,0,0,0,n
109,nag.wav,s,2,-2,0,na,0,0,n
107,nag.wav,s,1,-1,na,1,1,1,n
107,nag.wav,n,0,0,-1,na,-1,1,n
106,nag.wav,s,2,-2,na,2,2,2,n
106,nag.wav,n,0,0,-2,na,-2,2,n
105,nag.wav,r,2,2,na,-2,-2,2,n
105,nag.wav,n,0,0,2,na,2,2,n
104,nag.wav,n,0,0,na,0,0,0,n
104,nag.wav,n,0,0,0,na,0,0,n
103,nag.wav,n,0,0,na,0,0,0,n
103,nag.wav,n,0,0,0,na,0,0,n
102,nag.wav,r,1,1,na,-2,-2,2,n
102,nag.wav,s,1,-1,2,na,2,2,n
101,nag.wav,s,1,-1,na,-1,-1,1,n
101,nag.wav,s,2,-2,1,na,1,1,n
108,nag.wav,s,1,-1,na,-1,-1,1,n
108,nag.wav,s,2,-2,1,na,1,1,n
123,nɛf.wav,r,2,2,na,0,0,0,n
123,nɛf.wav,r,2,2,0,na,0,0,n
122,nɛf.wav,n,0,0,na,1,1,1,n
122,nɛf.wav,r,1,1,-1,na,-1,1,n
121,nɛf.wav,s,1,-1,na,1,1,1,n
121,nɛf.wav,n,0,0,-1,na,-1,1,n
120,nɛf.wav,r,2,2,na,-3,-3,3,n
120,nɛf.wav,s,1,-1,3,na,3,3,n
119,nɛf.wav,r,2,2,na,-4,-4,4,n
119,nɛf.wav,s,2,-2,4,na,4,4,n
118,nɛf.wav,r,2,2,na,-1,-1,1,n
118,nɛf.wav,r,1,1,1,na,1,1,n
117,nɛf.wav,s,2,-2,na,3,3,3,n
117,nɛf.wav,r,1,1,-3,na,-3,3,n
116,nɛf.wav,r,3,3,na,-6,-6,6,n
116,nɛf.wav,s,3,-3,6,na,6,6,n
114,nɛf.wav,r,1,1,na,-2,-2,2,n
114,nɛf.wav,s,1,-1,2,na,2,2,n
113,nɛf.wav,r,3,3,na,-5,-5,5,n
113,nɛf.wav,s,2,-2,5,na,5,5,n
112,nɛf.wav,n,0,0,na,0,0,0,n
112,nɛf.wav,n,0,0,0,na,0,0,n
111,nɛf.wav,s,1,-1,na,0,0,0,n
111,nɛf.wav,s,1,-1,0,na,0,0,n
110,nɛf.wav,n,0,0,na,0,0,0,n
110,nɛf.wav,n,0,0,0,na,0,0,n
109,nɛf.wav,r,2,2,na,0,0,0,n
109,nɛf.wav,r,2,2,0,na,0,0,n
107,nɛf.wav,s,1,-1,na,1,1,1,n
107,nɛf.wav,n,0,0,-1,na,-1,1,n
106,nɛf.wav,s,2,-2,na,2,2,2,n
106,nɛf.wav,n,0,0,-2,na,-2,2,n
105,nɛf.wav,s,2,-2,na,0,0,0,n
105,nɛf.wav,s,2,-2,0,na,0,0,n
104,nɛf.wav,s,1,-1,na,2,2,2,n
104,nɛf.wav,r,1,1,-2,na,-2,2,n
103,nɛf.wav,n,0,0,na,0,0,0,n
103,nɛf.wav,n,0,0,0,na,0,0,n
102,nɛf.wav,r,1,1,na,-2,-2,2,n
102,nɛf.wav,s,1,-1,2,na,2,2,n
101,nɛf.wav,r,1,1,na,-2,-2,2,n
101,nɛf.wav,s,1,-1,2,na,2,2,n
108,nɛf.wav,s,1,-1,na,0,0,0,n
108,nɛf.wav,s,1,-1,0,na,0,0,n
123,niv.wav,r,2,2,na,1,1,1,n
123,niv.wav,r,3,3,-1,na,-1,1,n
122,niv.wav,s,1,-1,na,2,2,2,n
122,niv.wav,r,1,1,-2,na,-2,2,n
121,niv.wav,n,0,0,na,0,0,0,n
121,niv.wav,n,0,0,0,na,0,0,n
120,niv.wav,s,2,-2,na,0,0,0,n
120,niv.wav,s,2,-2,0,na,0,0,n
119,niv.wav,n,0,0,na,2,2,2,n
119,niv.wav,r,2,2,-2,na,-2,2,n
118,niv.wav,r,2,2,na,-2,-2,2,n
118,niv.wav,n,0,0,2,na,2,2,n
117,niv.wav,s,2,-2,na,0,0,0,n
117,niv.wav,s,2,-2,0,na,0,0,n
116,niv.wav,r,2,2,na,1,1,1,n
116,niv.wav,r,3,3,-1,na,-1,1,n
114,niv.wav,n,0,0,na,0,0,0,n
114,niv.wav,n,0,0,0,na,0,0,n
113,niv.wav,r,3,3,na,-2,-2,2,n
113,niv.wav,r,1,1,2,na,2,2,n
112,niv.wav,s,1,-1,na,4,4,4,n
112,niv.wav,r,3,3,-4,na,-4,4,n
111,niv.wav,s,1,-1,na,2,2,2,n
111,niv.wav,r,1,1,-2,na,-2,2,n
110,niv.wav,n,0,0,na,0,0,0,n
110,niv.wav,n,0,0,0,na,0,0,n
109,niv.wav,r,2,2,na,-4,-4,4,n
109,niv.wav,s,2,-2,4,na,4,4,n
107,niv.wav,n,0,0,na,0,0,0,n
107,niv.wav,n,0,0,0,na,0,0,n
106,niv.wav,s,2,-2,na,4,4,4,n
106,niv.wav,r,2,2,-4,na,-4,4,n
105,niv.wav,n,0,0,na,-1,-1,1,n
105,niv.wav,s,1,-1,1,na,1,1,n
104,niv.wav,n,0,0,na,0,0,0,n
104,niv.wav,n,0,0,0,na,0,0,n
103,niv.wav,n,0,0,na,0,0,0,n
103,niv.wav,n,0,0,0,na,0,0,n
102,niv.wav,n,0,0,na,2,2,2,n
102,niv.wav,r,2,2,-2,na,-2,2,n
101,niv.wav,r,1,1,na,0,0,0,n
101,niv.wav,r,1,1,0,na,0,0,n
108,niv.wav,r,2,2,na,-4,-4,4,n
108,niv.wav,s,2,-2,4,na,4,4,n
123,p1.wav,r,1,1,na,0,0,0,p
123,p1.wav,r,1,1,0,na,0,0,p
122,p1.wav,s,1,-1,na,0,0,0,p
122,p1.wav,s,1,-1,0,na,0,0,p
121,p1.wav,r,1,1,na,0,0,0,p
121,p1.wav,r,1,1,0,na,0,0,p
120,p1.wav,r,1,1,na,1,1,1,p
120,p1.wav,r,2,2,-1,na,-1,1,p
119,p1.wav,r,2,2,na,0,0,0,p
119,p1.wav,r,2,2,0,na,0,0,p
118,p1.wav,r,1,1,na,-3,-3,3,p
118,p1.wav,s,2,-2,3,na,3,3,p
117,p1.wav,r,2,2,na,0,0,0,p
117,p1.wav,r,2,2,0,na,0,0,p
116,p1.wav,s,2,-2,na,-1,-1,1,p
116,p1.wav,s,3,-3,1,na,1,1,p
114,p1.wav,n,0,0,na,1,1,1,p
114,p1.wav,r,1,1,-1,na,-1,1,p
113,p1.wav,s,1,-1,na,-1,-1,1,p
113,p1.wav,s,2,-2,1,na,1,1,p
112,p1.wav,s,2,-2,na,0,0,0,p
112,p1.wav,s,2,-2,0,na,0,0,p
111,p1.wav,r,2,2,na,0,0,0,p
111,p1.wav,r,2,2,0,na,0,0,p
110,p1.wav,s,1,-1,na,2,2,2,p
110,p1.wav,r,1,1,-2,na,-2,2,p
109,p1.wav,s,1,-1,na,2,2,2,p
109,p1.wav,r,1,1,-2,na,-2,2,p
107,p1.wav,n,0,0,na,2,2,2,p
107,p1.wav,r,2,2,-2,na,-2,2,p
106,p1.wav,s,2,-2,na,4,4,4,p
106,p1.wav,r,2,2,-4,na,-4,4,p
105,p1.wav,r,2,2,na,-1,-1,1,p
105,p1.wav,r,1,1,1,na,1,1,p
104,p1.wav,s,1,-1,na,0,0,0,p
104,p1.wav,s,1,-1,0,na,0,0,p
103,p1.wav,n,0,0,na,0,0,0,p
103,p1.wav,n,0,0,0,na,0,0,p
102,p1.wav,n,0,0,na,-1,-1,1,p
102,p1.wav,s,1,-1,1,na,1,1,p
101,p1.wav,s,1,-1,na,0,0,0,p
101,p1.wav,s,1,-1,0,na,0,0,p
108,p1.wav,n,0,0,na,0,0,0,p
108,p1.wav,n,0,0,0,na,0,0,p
123,p2.wav,r,3,3,na,-6,-6,6,p
123,p2.wav,s,3,-3,6,na,6,6,p
122,p2.wav,s,1,-1,na,2,2,2,p
122,p2.wav,r,1,1,-2,na,-2,2,p
121,p2.wav,s,2,-2,na,1,1,1,p
121,p2.wav,s,1,-1,-1,na,-1,1,p
120,p2.wav,s,2,-2,na,5,5,5,p
120,p2.wav,r,3,3,-5,na,-5,5,p
119,p2.wav,s,3,-3,na,5,5,5,p
119,p2.wav,r,2,2,-5,na,-5,5,p
118,p2.wav,s,2,-2,na,0,0,0,p
118,p2.wav,s,2,-2,0,na,0,0,p
117,p2.wav,s,2,-2,na,0,0,0,p
117,p2.wav,s,2,-2,0,na,0,0,p
116,p2.wav,s,3,-3,na,0,0,0,p
116,p2.wav,s,3,-3,0,na,0,0,p
114,p2.wav,n,0,0,na,-2,-2,2,p
114,p2.wav,s,2,-2,2,na,2,2,p
113,p2.wav,n,0,0,na,0,0,0,p
113,p2.wav,n,0,0,0,na,0,0,p
112,p2.wav,s,2,-2,na,0,0,0,p
112,p2.wav,s,2,-2,0,na,0,0,p
111,p2.wav,r,1,1,na,-2,-2,2,p
111,p2.wav,s,1,-1,2,na,2,2,p
110,p2.wav,n,0,0,na,-2,-2,2,p
110,p2.wav,s,2,-2,2,na,2,2,p
109,p2.wav,r,1,1,na,-2,-2,2,p
109,p2.wav,s,1,-1,2,na,2,2,p
107,p2.wav,n,0,0,na,-2,-2,2,p
107,p2.wav,s,2,-2,2,na,2,2,p
106,p2.wav,s,2,-2,na,4,4,4,p
106,p2.wav,r,2,2,-4,na,-4,4,p
105,p2.wav,s,2,-2,na,0,0,0,p
105,p2.wav,s,2,-2,0,na,0,0,p
104,p2.wav,n,0,0,na,0,0,0,p
104,p2.wav,n,0,0,0,na,0,0,p
103,p2.wav,n,0,0,na,0,0,0,p
103,p2.wav,n,0,0,0,na,0,0,p
102,p2.wav,s,1,-1,na,2,2,2,p
102,p2.wav,r,1,1,-2,na,-2,2,p
101,p2.wav,r,1,1,na,0,0,0,p
101,p2.wav,r,1,1,0,na,0,0,p
108,p2.wav,s,1,-1,na,-1,-1,1,p
108,p2.wav,s,2,-2,1,na,1,1,p
123,p3.wav,s,2,-2,na,-1,-1,1,p
123,p3.wav,s,3,-3,1,na,1,1,p
122,p3.wav,n,0,0,na,-1,-1,1,p
122,p3.wav,s,1,-1,1,na,1,1,p
121,p3.wav,n,0,0,na,0,0,0,p
121,p3.wav,n,0,0,0,na,0,0,p
120,p3.wav,s,2,-2,na,1,1,1,p
120,p3.wav,s,1,-1,-1,na,-1,1,p
119,p3.wav,s,2,-2,na,0,0,0,p
119,p3.wav,s,2,-2,0,na,0,0,p
118,p3.wav,s,2,-2,na,0,0,0,p
118,p3.wav,s,2,-2,0,na,0,0,p
117,p3.wav,r,1,1,na,1,1,1,p
117,p3.wav,r,2,2,-1,na,-1,1,p
116,p3.wav,s,3,-3,na,2,2,2,p
116,p3.wav,s,1,-1,-2,na,-2,2,p
114,p3.wav,s,2,-2,na,0,0,0,p
114,p3.wav,s,2,-2,0,na,0,0,p
113,p3.wav,n,0,0,na,1,1,1,p
113,p3.wav,r,1,1,-1,na,-1,1,p
112,p3.wav,s,2,-2,na,0,0,0,p
112,p3.wav,s,2,-2,0,na,0,0,p
111,p3.wav,s,1,-1,na,0,0,0,p
111,p3.wav,s,1,-1,0,na,0,0,p
110,p3.wav,s,2,-2,na,0,0,0,p
110,p3.wav,s,2,-2,0,na,0,0,p
109,p3.wav,n,0,0,na,-1,-1,1,p
109,p3.wav,s,1,-1,1,na,1,1,p
107,p3.wav,n,0,0,na,0,0,0,p
107,p3.wav,n,0,0,0,na,0,0,p
106,p3.wav,s,3,-3,na,5,5,5,p
106,p3.wav,r,2,2,-5,na,-5,5,p
105,p3.wav,s,2,-2,na,1,1,1,p
105,p3.wav,s,1,-1,-1,na,-1,1,p
104,p3.wav,n,0,0,na,0,0,0,p
104,p3.wav,n,0,0,0,na,0,0,p
103,p3.wav,n,0,0,na,0,0,0,p
103,p3.wav,n,0,0,0,na,0,0,p
102,p3.wav,s,2,-2,na,1,1,1,p
102,p3.wav,s,1,-1,-1,na,-1,1,p
101,p3.wav,r,2,2,na,-4,-4,4,p
101,p3.wav,s,2,-2,4,na,4,4,p
108,p3.wav,s,1,-1,na,0,0,0,p
108,p3.wav,s,1,-1,0,na,0,0,p
123,p4.wav,r,3,3,na,0,0,0,p
123,p4.wav,r,3,3,0,na,0,0,p
122,p4.wav,n,0,0,na,0,0,0,p
122,p4.wav,n,0,0,0,na,0,0,p
121,p4.wav,n,0,0,na,0,0,0,p
121,p4.wav,n,0,0,0,na,0,0,p
120,p4.wav,n,0,0,na,-2,-2,2,p
120,p4.wav,s,2,-2,2,na,2,2,p
119,p4.wav,s,3,-3,na,1,1,1,p
119,p4.wav,s,2,-2,-1,na,-1,1,p
118,p4.wav,s,1,-1,na,-1,-1,1,p
118,p4.wav,s,2,-2,1,na,1,1,p
117,p4.wav,s,2,-2,na,0,0,0,p
117,p4.wav,s,2,-2,0,na,0,0,p
116,p4.wav,s,2,-2,na,-1,-1,1,p
116,p4.wav,s,3,-3,1,na,1,1,p
114,p4.wav,s,2,-2,na,0,0,0,p
114,p4.wav,s,2,-2,0,na,0,0,p
113,p4.wav,s,2,-2,na,1,1,1,p
113,p4.wav,s,1,-1,-1,na,-1,1,p
112,p4.wav,s,3,-3,na,0,0,0,p
112,p4.wav,s,3,-3,0,na,0,0,p
111,p4.wav,s,1,-1,na,-2,-2,2,p
111,p4.wav,s,3,-3,2,na,2,2,p
110,p4.wav,n,0,0,na,0,0,0,p
110,p4.wav,n,0,0,0,na,0,0,p
109,p4.wav,r,3,3,na,-2,-2,2,p
109,p4.wav,r,1,1,2,na,2,2,p
107,p4.wav,s,2,-2,na,2,2,2,p
107,p4.wav,n,0,0,-2,na,-2,2,p
106,p4.wav,s,3,-3,na,1,1,1,p
106,p4.wav,s,2,-2,-1,na,-1,1,p
105,p4.wav,r,2,2,na,-2,-2,2,p
105,p4.wav,n,0,0,2,na,2,2,p
104,p4.wav,n,0,0,na,0,0,0,p
104,p4.wav,n,0,0,0,na,0,0,p
103,p4.wav,n,0,0,na,0,0,0,p
103,p4.wav,n,0,0,0,na,0,0,p
102,p4.wav,s,2,-2,na,-1,-1,1,p
102,p4.wav,s,3,-3,1,na,1,1,p
101,p4.wav,s,2,-2,na,0,0,0,p
101,p4.wav,s,2,-2,0,na,0,0,p
108,p4.wav,s,3,-3,na,1,1,1,p
108,p4.wav,s,2,-2,-1,na,-1,1,p
123,pum.wav,r,2,2,na,1,1,1,n
123,pum.wav,r,3,3,-1,na,-1,1,n
122,pum.wav,s,1,-1,na,1,1,1,n
122,pum.wav,n,0,0,-1,na,-1,1,n
121,pum.wav,r,2,2,na,-1,-1,1,n
121,pum.wav,r,1,1,1,na,1,1,n
120,pum.wav,s,2,-2,na,3,3,3,n
120,pum.wav,r,1,1,-3,na,-3,3,n
119,pum.wav,r,2,2,na,0,0,0,n
119,pum.wav,r,2,2,0,na,0,0,n
118,pum.wav,r,1,1,na,0,0,0,n
118,pum.wav,r,1,1,0,na,0,0,n
117,pum.wav,r,3,3,na,-1,-1,1,n
117,pum.wav,r,2,2,1,na,1,1,n
116,pum.wav,r,3,3,na,-1,-1,1,n
116,pum.wav,r,2,2,1,na,1,1,n
114,pum.wav,r,1,1,na,0,0,0,n
114,pum.wav,r,1,1,0,na,0,0,n
113,pum.wav,r,1,1,na,2,2,2,n
113,pum.wav,r,3,3,-2,na,-2,2,n
112,pum.wav,r,3,3,na,0,0,0,n
112,pum.wav,r,3,3,0,na,0,0,n
111,pum.wav,n,0,0,na,1,1,1,n
111,pum.wav,r,1,1,-1,na,-1,1,n
110,pum.wav,r,2,2,na,-1,-1,1,n
110,pum.wav,r,1,1,1,na,1,1,n
109,pum.wav,s,1,-1,na,-1,-1,1,n
109,pum.wav,s,2,-2,1,na,1,1,n
107,pum.wav,r,2,2,na,1,1,1,n
107,pum.wav,r,3,3,-1,na,-1,1,n
106,pum.wav,r,3,3,na,-1,-1,1,n
106,pum.wav,r,2,2,1,na,1,1,n
105,pum.wav,r,2,2,na,0,0,0,n
105,pum.wav,r,2,2,0,na,0,0,n
104,pum.wav,n,0,0,na,0,0,0,n
104,pum.wav,n,0,0,0,na,0,0,n
103,pum.wav,n,0,0,na,0,0,0,n
103,pum.wav,n,0,0,0,na,0,0,n
102,pum.wav,n,0,0,na,0,0,0,n
102,pum.wav,n,0,0,0,na,0,0,n
101,pum.wav,r,1,1,na,0,0,0,n
101,pum.wav,r,1,1,0,na,0,0,n
108,pum.wav,r,1,1,na,0,0,0,n
108,pum.wav,r,1,1,0,na,0,0,n
123,pun.wav,s,1,-1,na,0,0,0,n
123,pun.wav,s,1,-1,0,na,0,0,n
122,pun.wav,s,2,-2,na,2,2,2,n
122,pun.wav,n,0,0,-2,na,-2,2,n
121,pun.wav,r,1,1,na,0,0,0,n
121,pun.wav,r,1,1,0,na,0,0,n
120,pun.wav,n,0,0,na,0,0,0,n
120,pun.wav,n,0,0,0,na,0,0,n
119,pun.wav,r,2,2,na,1,1,1,n
119,pun.wav,r,3,3,-1,na,-1,1,n
118,pun.wav,r,1,1,na,0,0,0,n
118,pun.wav,r,1,1,0,na,0,0,n
117,pun.wav,r,3,3,na,-1,-1,1,n
117,pun.wav,r,2,2,1,na,1,1,n
116,pun.wav,r,3,3,na,0,0,0,n
116,pun.wav,r,3,3,0,na,0,0,n
114,pun.wav,r,1,1,na,-1,-1,1,n
114,pun.wav,n,0,0,1,na,1,1,n
113,pun.wav,r,3,3,na,-3,-3,3,n
113,pun.wav,n,0,0,3,na,3,3,n
112,pun.wav,r,3,3,na,0,0,0,n
112,pun.wav,r,3,3,0,na,0,0,n
111,pun.wav,r,2,2,na,1,1,1,n
111,pun.wav,r,3,3,-1,na,-1,1,n
110,pun.wav,r,1,1,na,1,1,1,n
110,pun.wav,r,2,2,-1,na,-1,1,n
109,pun.wav,r,2,2,na,-1,-1,1,n
109,pun.wav,r,1,1,1,na,1,1,n
107,pun.wav,r,2,2,na,0,0,0,n
107,pun.wav,r,2,2,0,na,0,0,n
106,pun.wav,r,2,2,na,0,0,0,n
106,pun.wav,r,2,2,0,na,0,0,n
105,pun.wav,r,1,1,na,1,1,1,n
105,pun.wav,r,2,2,-1,na,-1,1,n
104,pun.wav,n,0,0,na,0,0,0,n
104,pun.wav,n,0,0,0,na,0,0,n
103,pun.wav,n,0,0,na,0,0,0,n
103,pun.wav,n,0,0,0,na,0,0,n
102,pun.wav,n,0,0,na,1,1,1,n
102,pun.wav,r,1,1,-1,na,-1,1,n
101,pun.wav,n,0,0,na,1,1,1,n
101,pun.wav,r,1,1,-1,na,-1,1,n
108,pun.wav,r,2,2,na,0,0,0,n
108,pun.wav,r,2,2,0,na,0,0,n
123,pʌv.wav,r,3,3,na,0,0,0,n
123,pʌv.wav,r,3,3,0,na,0,0,n
122,pʌv.wav,n,0,0,na,0,0,0,n
122,pʌv.wav,n,0,0,0,na,0,0,n
121,pʌv.wav,r,1,1,na,-1,-1,1,n
121,pʌv.wav,n,0,0,1,na,1,1,n
120,pʌv.wav,r,1,1,na,1,1,1,n
120,pʌv.wav,r,2,2,-1,na,-1,1,n
119,pʌv.wav,s,2,-2,na,4,4,4,n
119,pʌv.wav,r,2,2,-4,na,-4,4,n
118,pʌv.wav,r,1,1,na,0,0,0,n
118,pʌv.wav,r,1,1,0,na,0,0,n
117,pʌv.wav,n,0,0,na,-1,-1,1,n
117,pʌv.wav,s,1,-1,1,na,1,1,n
116,pʌv.wav,s,2,-2,na,-1,-1,1,n
116,pʌv.wav,s,3,-3,1,na,1,1,n
114,pʌv.wav,r,2,2,na,0,0,0,n
114,pʌv.wav,r,2,2,0,na,0,0,n
113,pʌv.wav,n,0,0,na,1,1,1,n
113,pʌv.wav,r,1,1,-1,na,-1,1,n
112,pʌv.wav,n,0,0,na,2,2,2,n
112,pʌv.wav,r,2,2,-2,na,-2,2,n
111,pʌv.wav,n,0,0,na,1,1,1,n
111,pʌv.wav,r,1,1,-1,na,-1,1,n
110,pʌv.wav,n,0,0,na,0,0,0,n
110,pʌv.wav,n,0,0,0,na,0,0,n
109,pʌv.wav,r,2,2,na,-1,-1,1,n
109,pʌv.wav,r,1,1,1,na,1,1,n
107,pʌv.wav,s,2,-2,na,0,0,0,n
107,pʌv.wav,s,2,-2,0,na,0,0,n
106,pʌv.wav,s,3,-3,na,3,3,3,n
106,pʌv.wav,n,0,0,-3,na,-3,3,n
105,pʌv.wav,r,2,2,na,-1,-1,1,n
105,pʌv.wav,r,1,1,1,na,1,1,n
104,pʌv.wav,n,0,0,na,0,0,0,n
104,pʌv.wav,n,0,0,0,na,0,0,n
103,pʌv.wav,n,0,0,na,0,0,0,n
103,pʌv.wav,n,0,0,0,na,0,0,n
102,pʌv.wav,r,1,1,na,1,1,1,n
102,pʌv.wav,r,2,2,-1,na,-1,1,n
101,pʌv.wav,r,1,1,na,0,0,0,n
101,pʌv.wav,r,1,1,0,na,0,0,n
108,pʌv.wav,n,0,0,na,0,0,0,n
108,pʌv.wav,n,0,0,0,na,0,0,n
123,px1.wav,s,2,-2,na,4,4,4,p
123,px1.wav,r,2,2,-4,na,-4,4,p
122,px1.wav,n,0,0,na,-1,-1,1,p
122,px1.wav,s,1,-1,1,na,1,1,p
121,px1.wav,n,0,0,na,0,0,0,p
121,px1.wav,n,0,0,0,na,0,0,p
120,px1.wav,s,2,-2,na,4,4,4,p
120,px1.wav,r,2,2,-4,na,-4,4,p
119,px1.wav,s,1,-1,na,-1,-1,1,p
119,px1.wav,s,2,-2,1,na,1,1,p
118,px1.wav,s,1,-1,na,0,0,0,p
118,px1.wav,s,1,-1,0,na,0,0,p
117,px1.wav,s,2,-2,na,0,0,0,p
117,px1.wav,s,2,-2,0,na,0,0,p
116,px1.wav,s,2,-2,na,4,4,4,p
116,px1.wav,r,2,2,-4,na,-4,4,p
114,px1.wav,s,2,-2,na,1,1,1,p
114,px1.wav,s,1,-1,-1,na,-1,1,p
113,px1.wav,s,3,-3,na,2,2,2,p
113,px1.wav,s,1,-1,-2,na,-2,2,p
112,px1.wav,s,1,-1,na,0,0,0,p
112,px1.wav,s,1,-1,0,na,0,0,p
111,px1.wav,n,0,0,na,-1,-1,1,p
111,px1.wav,s,1,-1,1,na,1,1,p
110,px1.wav,r,1,1,na,-2,-2,2,p
110,px1.wav,s,1,-1,2,na,2,2,p
109,px1.wav,s,1,-1,na,0,0,0,p
109,px1.wav,s,1,-1,0,na,0,0,p
107,px1.wav,n,0,0,na,0,0,0,p
107,px1.wav,n,0,0,0,na,0,0,p
106,px1.wav,s,3,-3,na,1,1,1,p
106,px1.wav,s,2,-2,-1,na,-1,1,p
105,px1.wav,n,0,0,na,-1,-1,1,p
105,px1.wav,s,1,-1,1,na,1,1,p
104,px1.wav,n,0,0,na,0,0,0,p
104,px1.wav,n,0,0,0,na,0,0,p
103,px1.wav,s,1,-1,na,1,1,1,p
103,px1.wav,n,0,0,-1,na,-1,1,p
102,px1.wav,s,1,-1,na,0,0,0,p
102,px1.wav,s,1,-1,0,na,0,0,p
101,px1.wav,s,1,-1,na,2,2,2,p
101,px1.wav,r,1,1,-2,na,-2,2,p
108,px1.wav,n,0,0,na,0,0,0,p
108,px1.wav,n,0,0,0,na,0,0,p
123,px2.wav,r,3,3,na,-6,-6,6,p
123,px2.wav,s,3,-3,6,na,6,6,p
122,px2.wav,s,2,-2,na,1,1,1,p
122,px2.wav,s,1,-1,-1,na,-1,1,p
121,px2.wav,r,2,2,na,-4,-4,4,p
121,px2.wav,s,2,-2,4,na,4,4,p
120,px2.wav,r,1,1,na,1,1,1,p
120,px2.wav,r,2,2,-1,na,-1,1,p
119,px2.wav,s,2,-2,na,0,0,0,p
119,px2.wav,s,2,-2,0,na,0,0,p
118,px2.wav,r,2,2,na,0,0,0,p
118,px2.wav,r,2,2,0,na,0,0,p
117,px2.wav,s,2,-2,na,2,2,2,p
117,px2.wav,n,0,0,-2,na,-2,2,p
116,px2.wav,s,3,-3,na,1,1,1,p
116,px2.wav,s,2,-2,-1,na,-1,1,p
114,px2.wav,r,2,2,na,-1,-1,1,p
114,px2.wav,r,1,1,1,na,1,1,p
113,px2.wav,r,3,3,na,-6,-6,6,p
113,px2.wav,s,3,-3,6,na,6,6,p
112,px2.wav,r,2,2,na,0,0,0,p
112,px2.wav,r,2,2,0,na,0,0,p
111,px2.wav,r,1,1,na,-3,-3,3,p
111,px2.wav,s,2,-2,3,na,3,3,p
110,px2.wav,r,1,1,na,-2,-2,2,p
110,px2.wav,s,1,-1,2,na,2,2,p
109,px2.wav,s,1,-1,na,3,3,3,p
109,px2.wav,r,2,2,-3,na,-3,3,p
107,px2.wav,r,2,2,na,0,0,0,p
107,px2.wav,r,2,2,0,na,0,0,p
106,px2.wav,n,0,0,na,2,2,2,p
106,px2.wav,r,2,2,-2,na,-2,2,p
105,px2.wav,s,1,-1,na,2,2,2,p
105,px2.wav,r,1,1,-2,na,-2,2,p
104,px2.wav,n,0,0,na,0,0,0,p
104,px2.wav,n,0,0,0,na,0,0,p
103,px2.wav,n,0,0,na,0,0,0,p
103,px2.wav,n,0,0,0,na,0,0,p
102,px2.wav,s,2,-2,na,1,1,1,p
102,px2.wav,s,1,-1,-1,na,-1,1,p
101,px2.wav,n,0,0,na,2,2,2,p
101,px2.wav,r,2,2,-2,na,-2,2,p
108,px2.wav,s,2,-2,na,0,0,0,p
108,px2.wav,s,2,-2,0,na,0,0,p
123,px3.wav,s,2,-2,na,-1,-1,1,p
123,px3.wav,s,3,-3,1,na,1,1,p
122,px3.wav,s,1,-1,na,1,1,1,p
122,px3.wav,n,0,0,-1,na,-1,1,p
121,px3.wav,n,0,0,na,0,0,0,p
121,px3.wav,n,0,0,0,na,0,0,p
120,px3.wav,s,1,-1,na,2,2,2,p
120,px3.wav,r,1,1,-2,na,-2,2,p
119,px3.wav,s,3,-3,na,1,1,1,p
119,px3.wav,s,2,-2,-1,na,-1,1,p
118,px3.wav,s,2,-2,na,0,0,0,p
118,px3.wav,s,2,-2,0,na,0,0,p
117,px3.wav,r,2,2,na,-4,-4,4,p
117,px3.wav,s,2,-2,4,na,4,4,p
116,px3.wav,s,3,-3,na,6,6,6,p
116,px3.wav,r,3,3,-6,na,-6,6,p
114,px3.wav,s,2,-2,na,0,0,0,p
114,px3.wav,s,2,-2,0,na,0,0,p
113,px3.wav,s,1,-1,na,-2,-2,2,p
113,px3.wav,s,3,-3,2,na,2,2,p
112,px3.wav,s,2,-2,na,-1,-1,1,p
112,px3.wav,s,3,-3,1,na,1,1,p
111,px3.wav,s,3,-3,na,0,0,0,p
111,px3.wav,s,3,-3,0,na,0,0,p
110,px3.wav,s,2,-2,na,0,0,0,p
110,px3.wav,s,2,-2,0,na,0,0,p
109,px3.wav,n,0,0,na,0,0,0,p
109,px3.wav,n,0,0,0,na,0,0,p
107,px3.wav,r,2,2,na,1,1,1,p
107,px3.wav,r,3,3,-1,na,-1,1,p
106,px3.wav,s,3,-3,na,3,3,3,p
106,px3.wav,n,0,0,-3,na,-3,3,p
105,px3.wav,s,2,-2,na,1,1,1,p
105,px3.wav,s,1,-1,-1,na,-1,1,p
104,px3.wav,n,0,0,na,0,0,0,p
104,px3.wav,n,0,0,0,na,0,0,p
103,px3.wav,n,0,0,na,0,0,0,p
103,px3.wav,n,0,0,0,na,0,0,p
102,px3.wav,s,3,-3,na,1,1,1,p
102,px3.wav,s,2,-2,-1,na,-1,1,p
101,px3.wav,s,1,-1,na,0,0,0,p
101,px3.wav,s,1,-1,0,na,0,0,p
108,px3.wav,s,2,-2,na,0,0,0,p
108,px3.wav,s,2,-2,0,na,0,0,p
123,px4.wav,r,2,2,na,-3,-3,3,p
123,px4.wav,s,1,-1,3,na,3,3,p
122,px4.wav,r,1,1,na,-1,-1,1,p
122,px4.wav,n,0,0,1,na,1,1,p
121,px4.wav,n,0,0,na,0,0,0,p
121,px4.wav,n,0,0,0,na,0,0,p
120,px4.wav,r,2,2,na,-3,-3,3,p
120,px4.wav,s,1,-1,3,na,3,3,p
119,px4.wav,s,2,-2,na,-1,-1,1,p
119,px4.wav,s,3,-3,1,na,1,1,p
118,px4.wav,s,2,-2,na,3,3,3,p
118,px4.wav,r,1,1,-3,na,-3,3,p
117,px4.wav,r,2,2,na,0,0,0,p
117,px4.wav,r,2,2,0,na,0,0,p
116,px4.wav,n,0,0,na,1,1,1,p
116,px4.wav,r,1,1,-1,na,-1,1,p
114,px4.wav,n,0,0,na,1,1,1,p
114,px4.wav,r,1,1,-1,na,-1,1,p
113,px4.wav,r,2,2,na,-5,-5,5,p
113,px4.wav,s,3,-3,5,na,5,5,p
112,px4.wav,s,1,-1,na,-1,-1,1,p
112,px4.wav,s,2,-2,1,na,1,1,p
111,px4.wav,n,0,0,na,-2,-2,2,p
111,px4.wav,s,2,-2,2,na,2,2,p
110,px4.wav,s,1,-1,na,1,1,1,p
110,px4.wav,n,0,0,-1,na,-1,1,p
109,px4.wav,s,1,-1,na,2,2,2,p
109,px4.wav,r,1,1,-2,na,-2,2,p
107,px4.wav,r,1,1,na,1,1,1,p
107,px4.wav,r,2,2,-1,na,-1,1,p
106,px4.wav,r,2,2,na,-4,-4,4,p
106,px4.wav,s,2,-2,4,na,4,4,p
105,px4.wav,n,0,0,na,0,0,0,p
105,px4.wav,n,0,0,0,na,0,0,p
104,px4.wav,n,0,0,na,0,0,0,p
104,px4.wav,n,0,0,0,na,0,0,p
103,px4.wav,n,0,0,na,0,0,0,p
103,px4.wav,n,0,0,0,na,0,0,p
102,px4.wav,s,2,-2,na,2,2,2,p
102,px4.wav,n,0,0,-2,na,-2,2,p
101,px4.wav,s,1,-1,na,1,1,1,p
101,px4.wav,n,0,0,-1,na,-1,1,p
108,px4.wav,r,1,1,na,0,0,0,p
108,px4.wav,r,1,1,0,na,0,0,p
123,r1.wav,r,3,3,na,-1,-1,1,r
123,r1.wav,r,2,2,1,na,1,1,r
122,r1.wav,n,0,0,na,0,0,0,r
122,r1.wav,n,0,0,0,na,0,0,r
121,r1.wav,n,0,0,na,0,0,0,r
121,r1.wav,n,0,0,0,na,0,0,r
120,r1.wav,s,2,-2,na,2,2,2,r
120,r1.wav,n,0,0,-2,na,-2,2,r
119,r1.wav,n,0,0,na,-2,-2,2,r
119,r1.wav,s,2,-2,2,na,2,2,r
118,r1.wav,s,1,-1,na,2,2,2,r
118,r1.wav,r,1,1,-2,na,-2,2,r
117,r1.wav,s,2,-2,na,1,1,1,r
117,r1.wav,s,1,-1,-1,na,-1,1,r
116,r1.wav,n,0,0,na,0,0,0,r
116,r1.wav,n,0,0,0,na,0,0,r
114,r1.wav,s,3,-3,na,3,3,3,r
114,r1.wav,n,0,0,-3,na,-3,3,r
113,r1.wav,s,2,-2,na,1,1,1,r
113,r1.wav,s,1,-1,-1,na,-1,1,r
112,r1.wav,r,3,3,na,-2,-2,2,r
112,r1.wav,r,1,1,2,na,2,2,r
111,r1.wav,r,1,1,na,1,1,1,r
111,r1.wav,r,2,2,-1,na,-1,1,r
110,r1.wav,s,2,-2,na,0,0,0,r
110,r1.wav,s,2,-2,0,na,0,0,r
109,r1.wav,r,2,2,na,-1,-1,1,r
109,r1.wav,r,1,1,1,na,1,1,r
107,r1.wav,n,0,0,na,0,0,0,r
107,r1.wav,n,0,0,0,na,0,0,r
106,r1.wav,s,3,-3,na,1,1,1,r
106,r1.wav,s,2,-2,-1,na,-1,1,r
105,r1.wav,n,0,0,na,1,1,1,r
105,r1.wav,r,1,1,-1,na,-1,1,r
104,r1.wav,n,0,0,na,0,0,0,r
104,r1.wav,n,0,0,0,na,0,0,r
103,r1.wav,n,0,0,na,0,0,0,r
103,r1.wav,n,0,0,0,na,0,0,r
102,r1.wav,r,3,3,na,-4,-4,4,r
102,r1.wav,s,1,-1,4,na,4,4,r
101,r1.wav,r,1,1,na,0,0,0,r
101,r1.wav,r,1,1,0,na,0,0,r
108,r1.wav,r,1,1,na,1,1,1,r
108,r1.wav,r,2,2,-1,na,-1,1,r
123,r2.wav,r,3,3,na,-4,-4,4,r
123,r2.wav,s,1,-1,4,na,4,4,r
122,r2.wav,r,1,1,na,-1,-1,1,r
122,r2.wav,n,0,0,1,na,1,1,r
121,r2.wav,n,0,0,na,0,0,0,r
121,r2.wav,n,0,0,0,na,0,0,r
120,r2.wav,r,2,2,na,-1,-1,1,r
120,r2.wav,r,1,1,1,na,1,1,r
119,r2.wav,n,0,0,na,-2,-2,2,r
119,r2.wav,s,2,-2,2,na,2,2,r
118,r2.wav,n,0,0,na,1,1,1,r
118,r2.wav,r,1,1,-1,na,-1,1,r
117,r2.wav,r,2,2,na,0,0,0,r
117,r2.wav,r,2,2,0,na,0,0,r
116,r2.wav,r,1,1,na,-3,-3,3,r
116,r2.wav,s,2,-2,3,na,3,3,r
114,r2.wav,s,1,-1,na,0,0,0,r
114,r2.wav,s,1,-1,0,na,0,0,r
113,r2.wav,r,1,1,na,-4,-4,4,r
113,r2.wav,s,3,-3,4,na,4,4,r
112,r2.wav,n,0,0,na,2,2,2,r
112,r2.wav,r,2,2,-2,na,-2,2,r
111,r2.wav,n,0,0,na,0,0,0,r
111,r2.wav,n,0,0,0,na,0,0,r
110,r2.wav,n,0,0,na,-1,-1,1,r
110,r2.wav,s,1,-1,1,na,1,1,r
109,r2.wav,s,1,-1,na,2,2,2,r
109,r2.wav,r,1,1,-2,na,-2,2,r
107,r2.wav,s,2,-2,na,0,0,0,r
107,r2.wav,s,2,-2,0,na,0,0,r
106,r2.wav,n,0,0,na,2,2,2,r
106,r2.wav,r,2,2,-2,na,-2,2,r
105,r2.wav,n,0,0,na,1,1,1,r
105,r2.wav,r,1,1,-1,na,-1,1,r
104,r2.wav,r,2,2,na,-2,-2,2,r
104,r2.wav,n,0,0,2,na,2,2,r
103,r2.wav,n,0,0,na,0,0,0,r
103,r2.wav,n,0,0,0,na,0,0,r
102,r2.wav,r,1,1,na,-3,-3,3,r
102,r2.wav,s,2,-2,3,na,3,3,r
101,r2.wav,s,1,-1,na,0,0,0,r
101,r2.wav,s,1,-1,0,na,0,0,r
108,r2.wav,r,1,1,na,-1,-1,1,r
108,r2.wav,n,0,0,1,na,1,1,r
123,r3.wav,r,2,2,na,1,1,1,r
123,r3.wav,r,3,3,-1,na,-1,1,r
122,r3.wav,s,1,-1,na,1,1,1,r
122,r3.wav,n,0,0,-1,na,-1,1,r
121,r3.wav,n,0,0,na,0,0,0,r
121,r3.wav,n,0,0,0,na,0,0,r
120,r3.wav,s,2,-2,na,2,2,2,r
120,r3.wav,n,0,0,-2,na,-2,2,r
119,r3.wav,r,2,2,na,0,0,0,r
119,r3.wav,r,2,2,0,na,0,0,r
118,r3.wav,r,2,2,na,-1,-1,1,r
118,r3.wav,r,1,1,1,na,1,1,r
117,r3.wav,r,2,2,na,0,0,0,r
117,r3.wav,r,2,2,0,na,0,0,r
116,r3.wav,n,0,0,na,2,2,2,r
116,r3.wav,r,2,2,-2,na,-2,2,r
114,r3.wav,n,0,0,na,0,0,0,r
114,r3.wav,n,0,0,0,na,0,0,r
113,r3.wav,s,1,-1,na,-2,-2,2,r
113,r3.wav,s,3,-3,2,na,2,2,r
112,r3.wav,s,1,-1,na,0,0,0,r
112,r3.wav,s,1,-1,0,na,0,0,r
111,r3.wav,s,2,-2,na,2,2,2,r
111,r3.wav,n,0,0,-2,na,-2,2,r
110,r3.wav,r,1,1,na,-1,-1,1,r
110,r3.wav,n,0,0,1,na,1,1,r
109,r3.wav,r,2,2,na,0,0,0,r
109,r3.wav,r,2,2,0,na,0,0,r
107,r3.wav,n,0,0,na,0,0,0,r
107,r3.wav,n,0,0,0,na,0,0,r
106,r3.wav,n,0,0,na,2,2,2,r
106,r3.wav,r,2,2,-2,na,-2,2,r
105,r3.wav,n,0,0,na,0,0,0,r
105,r3.wav,n,0,0,0,na,0,0,r
104,r3.wav,n,0,0,na,0,0,0,r
104,r3.wav,n,0,0,0,na,0,0,r
103,r3.wav,n,0,0,na,-1,-1,1,r
103,r3.wav,s,1,-1,1,na,1,1,r
102,r3.wav,n,0,0,na,2,2,2,r
102,r3.wav,r,2,2,-2,na,-2,2,r
101,r3.wav,r,1,1,na,-1,-1,1,r
101,r3.wav,n,0,0,1,na,1,1,r
108,r3.wav,r,1,1,na,-1,-1,1,r
108,r3.wav,n,0,0,1,na,1,1,r
123,r4.wav,r,3,3,na,0,0,0,r
123,r4.wav,r,3,3,0,na,0,0,r
122,r4.wav,r,1,1,na,0,0,0,r
122,r4.wav,r,1,1,0,na,0,0,r
121,r4.wav,r,1,1,na,-1,-1,1,r
121,r4.wav,n,0,0,1,na,1,1,r
120,r4.wav,n,0,0,na,1,1,1,r
120,r4.wav,r,1,1,-1,na,-1,1,r
119,r4.wav,r,2,2,na,-4,-4,4,r
119,r4.wav,s,2,-2,4,na,4,4,r
118,r4.wav,r,1,1,na,-1,-1,1,r
118,r4.wav,n,0,0,1,na,1,1,r
117,r4.wav,r,2,2,na,0,0,0,r
117,r4.wav,r,2,2,0,na,0,0,r
116,r4.wav,s,2,-2,na,-1,-1,1,r
116,r4.wav,s,3,-3,1,na,1,1,r
114,r4.wav,s,1,-1,na,2,2,2,r
114,r4.wav,r,1,1,-2,na,-2,2,r
113,r4.wav,n,0,0,na,1,1,1,r
113,r4.wav,r,1,1,-1,na,-1,1,r
112,r4.wav,n,0,0,na,-1,-1,1,r
112,r4.wav,s,1,-1,1,na,1,1,r
111,r4.wav,r,1,1,na,-3,-3,3,r
111,r4.wav,s,2,-2,3,na,3,3,r
110,r4.wav,s,2,-2,na,2,2,2,r
110,r4.wav,n,0,0,-2,na,-2,2,r
109,r4.wav,r,1,1,na,1,1,1,r
109,r4.wav,r,2,2,-1,na,-1,1,r
107,r4.wav,r,1,1,na,-1,-1,1,r
107,r4.wav,n,0,0,1,na,1,1,r
106,r4.wav,s,2,-2,na,4,4,4,r
106,r4.wav,r,2,2,-4,na,-4,4,r
105,r4.wav,n,0,0,na,0,0,0,r
105,r4.wav,n,0,0,0,na,0,0,r
104,r4.wav,n,0,0,na,0,0,0,r
104,r4.wav,n,0,0,0,na,0,0,r
103,r4.wav,n,0,0,na,0,0,0,r
103,r4.wav,n,0,0,0,na,0,0,r
102,r4.wav,n,0,0,na,1,1,1,r
102,r4.wav,r,1,1,-1,na,-1,1,r
101,r4.wav,s,1,-1,na,1,1,1,r
101,r4.wav,n,0,0,-1,na,-1,1,r
108,r4.wav,n,0,0,na,0,0,0,r
108,r4.wav,n,0,0,0,na,0,0,r
123,rx1.wav,r,3,3,na,-4,-4,4,r
123,rx1.wav,s,1,-1,4,na,4,4,r
122,rx1.wav,s,1,-1,na,0,0,0,r
122,rx1.wav,s,1,-1,0,na,0,0,r
121,rx1.wav,n,0,0,na,0,0,0,r
121,rx1.wav,n,0,0,0,na,0,0,r
120,rx1.wav,r,1,1,na,-3,-3,3,r
120,rx1.wav,s,2,-2,3,na,3,3,r
119,rx1.wav,r,3,3,na,-1,-1,1,r
119,rx1.wav,r,2,2,1,na,1,1,r
118,rx1.wav,s,1,-1,na,2,2,2,r
118,rx1.wav,r,1,1,-2,na,-2,2,r
117,rx1.wav,s,1,-1,na,3,3,3,r
117,rx1.wav,r,2,2,-3,na,-3,3,r
116,rx1.wav,r,1,1,na,-1,-1,1,r
116,rx1.wav,n,0,0,1,na,1,1,r
114,rx1.wav,r,1,1,na,0,0,0,r
114,rx1.wav,r,1,1,0,na,0,0,r
113,rx1.wav,s,2,-2,na,3,3,3,r
113,rx1.wav,r,1,1,-3,na,-3,3,r
112,rx1.wav,s,2,-2,na,0,0,0,r
112,rx1.wav,s,2,-2,0,na,0,0,r
111,rx1.wav,r,1,1,na,-1,-1,1,r
111,rx1.wav,n,0,0,1,na,1,1,r
110,rx1.wav,r,1,1,na,-1,-1,1,r
110,rx1.wav,n,0,0,1,na,1,1,r
109,rx1.wav,n,0,0,na,1,1,1,r
109,rx1.wav,r,1,1,-1,na,-1,1,r
107,rx1.wav,n,0,0,na,0,0,0,r
107,rx1.wav,n,0,0,0,na,0,0,r
106,rx1.wav,r,3,3,na,-6,-6,6,r
106,rx1.wav,s,3,-3,6,na,6,6,r
105,rx1.wav,r,1,1,na,-3,-3,3,r
105,rx1.wav,s,2,-2,3,na,3,3,r
104,rx1.wav,n,0,0,na,0,0,0,r
104,rx1.wav,n,0,0,0,na,0,0,r
103,rx1.wav,n,0,0,na,0,0,0,r
103,rx1.wav,n,0,0,0,na,0,0,r
102,rx1.wav,n,0,0,na,0,0,0,r
102,rx1.wav,n,0,0,0,na,0,0,r
101,rx1.wav,r,2,2,na,-1,-1,1,r
101,rx1.wav,r,1,1,1,na,1,1,r
108,rx1.wav,r,1,1,na,0,0,0,r
108,rx1.wav,r,1,1,0,na,0,0,r
123,rx2.wav,r,3,3,na,0,0,0,r
123,rx2.wav,r,3,3,0,na,0,0,r
122,rx2.wav,s,1,-1,na,1,1,1,r
122,rx2.wav,n,0,0,-1,na,-1,1,r
121,rx2.wav,n,0,0,na,0,0,0,r
121,rx2.wav,n,0,0,0,na,0,0,r
120,rx2.wav,r,1,1,na,0,0,0,r
120,rx2.wav,r,1,1,0,na,0,0,r
119,rx2.wav,r,2,2,na,0,0,0,r
119,rx2.wav,r,2,2,0,na,0,0,r
118,rx2.wav,s,1,-1,na,2,2,2,r
118,rx2.wav,r,1,1,-2,na,-2,2,r
117,rx2.wav,r,2,2,na,0,0,0,r
117,rx2.wav,r,2,2,0,na,0,0,r
116,rx2.wav,n,0,0,na,-2,-2,2,r
116,rx2.wav,s,2,-2,2,na,2,2,r
114,rx2.wav,r,1,1,na,-3,-3,3,r
114,rx2.wav,s,2,-2,3,na,3,3,r
113,rx2.wav,n,0,0,na,2,2,2,r
113,rx2.wav,r,2,2,-2,na,-2,2,r
112,rx2.wav,n,0,0,na,1,1,1,r
112,rx2.wav,r,1,1,-1,na,-1,1,r
111,rx2.wav,r,2,2,na,0,0,0,r
111,rx2.wav,r,2,2,0,na,0,0,r
110,rx2.wav,s,2,-2,na,3,3,3,r
110,rx2.wav,r,1,1,-3,na,-3,3,r
109,rx2.wav,r,1,1,na,1,1,1,r
109,rx2.wav,r,2,2,-1,na,-1,1,r
107,rx2.wav,s,2,-2,na,0,0,0,r
107,rx2.wav,s,2,-2,0,na,0,0,r
106,rx2.wav,r,2,2,na,0,0,0,r
106,rx2.wav,r,2,2,0,na,0,0,r
105,rx2.wav,n,0,0,na,0,0,0,r
105,rx2.wav,n,0,0,0,na,0,0,r
104,rx2.wav,n,0,0,na,0,0,0,r
104,rx2.wav,n,0,0,0,na,0,0,r
103,rx2.wav,n,0,0,na,0,0,0,r
103,rx2.wav,n,0,0,0,na,0,0,r
102,rx2.wav,s,2,-2,na,2,2,2,r
102,rx2.wav,n,0,0,-2,na,-2,2,r
101,rx2.wav,n,0,0,na,1,1,1,r
101,rx2.wav,r,1,1,-1,na,-1,1,r
108,rx2.wav,n,0,0,na,1,1,1,r
108,rx2.wav,r,1,1,-1,na,-1,1,r
123,rx3.wav,r,2,2,na,1,1,1,r
123,rx3.wav,r,3,3,-1,na,-1,1,r
122,rx3.wav,r,1,1,na,-2,-2,2,r
122,rx3.wav,s,1,-1,2,na,2,2,r
121,rx3.wav,r,1,1,na,-1,-1,1,r
121,rx3.wav,n,0,0,1,na,1,1,r
120,rx3.wav,s,2,-2,na,2,2,2,r
120,rx3.wav,n,0,0,-2,na,-2,2,r
119,rx3.wav,n,0,0,na,-2,-2,2,r
119,rx3.wav,s,2,-2,2,na,2,2,r
118,rx3.wav,r,1,1,na,-1,-1,1,r
118,rx3.wav,n,0,0,1,na,1,1,r
117,rx3.wav,r,2,2,na,-4,-4,4,r
117,rx3.wav,s,2,-2,4,na,4,4,r
116,rx3.wav,n,0,0,na,-1,-1,1,r
116,rx3.wav,s,1,-1,1,na,1,1,r
114,rx3.wav,s,1,-1,na,0,0,0,r
114,rx3.wav,s,1,-1,0,na,0,0,r
113,rx3.wav,s,2,-2,na,3,3,3,r
113,rx3.wav,r,1,1,-3,na,-3,3,r
112,rx3.wav,n,0,0,na,0,0,0,r
112,rx3.wav,n,0,0,0,na,0,0,r
111,rx3.wav,s,1,-1,na,0,0,0,r
111,rx3.wav,s,1,-1,0,na,0,0,r
110,rx3.wav,s,2,-2,na,0,0,0,r
110,rx3.wav,s,2,-2,0,na,0,0,r
109,rx3.wav,s,2,-2,na,4,4,4,r
109,rx3.wav,r,2,2,-4,na,-4,4,r
107,rx3.wav,s,1,-1,na,1,1,1,r
107,rx3.wav,n,0,0,-1,na,-1,1,r
106,rx3.wav,r,2,2,na,-2,-2,2,r
106,rx3.wav,n,0,0,2,na,2,2,r
105,rx3.wav,r,1,1,na,-1,-1,1,r
105,rx3.wav,n,0,0,1,na,1,1,r
104,rx3.wav,n,0,0,na,0,0,0,r
104,rx3.wav,n,0,0,0,na,0,0,r
103,rx3.wav,n,0,0,na,1,1,1,r
103,rx3.wav,r,1,1,-1,na,-1,1,r
102,rx3.wav,r,2,2,na,-4,-4,4,r
102,rx3.wav,s,2,-2,4,na,4,4,r
101,rx3.wav,s,1,-1,na,0,0,0,r
101,rx3.wav,s,1,-1,0,na,0,0,r
108,rx3.wav,n,0,0,na,0,0,0,r
108,rx3.wav,n,0,0,0,na,0,0,r
123,rx4.wav,r,3,3,na,-1,-1,1,r
123,rx4.wav,r,2,2,1,na,1,1,r
122,rx4.wav,r,1,1,na,-1,-1,1,r
122,rx4.wav,n,0,0,1,na,1,1,r
121,rx4.wav,r,1,1,na,-1,-1,1,r
121,rx4.wav,n,0,0,1,na,1,1,r
120,rx4.wav,r,1,1,na,-3,-3,3,r
120,rx4.wav,s,2,-2,3,na,3,3,r
119,rx4.wav,n,0,0,na,-3,-3,3,r
119,rx4.wav,s,3,-3,3,na,3,3,r
118,rx4.wav,s,2,-2,na,3,3,3,r
118,rx4.wav,r,1,1,-3,na,-3,3,r
117,rx4.wav,n,0,0,na,-1,-1,1,r
117,rx4.wav,s,1,-1,1,na,1,1,r
116,rx4.wav,n,0,0,na,2,2,2,r
116,rx4.wav,r,2,2,-2,na,-2,2,r
114,rx4.wav,r,1,1,na,0,0,0,r
114,rx4.wav,r,1,1,0,na,0,0,r
113,rx4.wav,s,3,-3,na,2,2,2,r
113,rx4.wav,s,1,-1,-2,na,-2,2,r
112,rx4.wav,r,1,1,na,-2,-2,2,r
112,rx4.wav,s,1,-1,2,na,2,2,r
111,rx4.wav,r,1,1,na,0,0,0,r
111,rx4.wav,r,1,1,0,na,0,0,r
110,rx4.wav,s,2,-2,na,0,0,0,r
110,rx4.wav,s,2,-2,0,na,0,0,r
109,rx4.wav,r,2,2,na,-3,-3,3,r
109,rx4.wav,s,1,-1,3,na,3,3,r
107,rx4.wav,r,1,1,na,0,0,0,r
107,rx4.wav,r,1,1,0,na,0,0,r
106,rx4.wav,n,0,0,na,2,2,2,r
106,rx4.wav,r,2,2,-2,na,-2,2,r
105,rx4.wav,n,0,0,na,3,3,3,r
105,rx4.wav,r,3,3,-3,na,-3,3,r
104,rx4.wav,n,0,0,na,0,0,0,r
104,rx4.wav,n,0,0,0,na,0,0,r
103,rx4.wav,n,0,0,na,0,0,0,r
103,rx4.wav,n,0,0,0,na,0,0,r
102,rx4.wav,n,0,0,na,0,0,0,r
102,rx4.wav,n,0,0,0,na,0,0,r
101,rx4.wav,s,1,-1,na,0,0,0,r
101,rx4.wav,s,1,-1,0,na,0,0,r
108,rx4.wav,s,1,-1,na,1,1,1,r
108,rx4.wav,n,0,0,-1,na,-1,1,r
123,sɛm.wav,s,1,-1,na,-1,-1,1,n
123,sɛm.wav,s,2,-2,1,na,1,1,n
122,sɛm.wav,n,0,0,na,-1,-1,1,n
122,sɛm.wav,s,1,-1,1,na,1,1,n
121,sɛm.wav,r,1,1,na,-1,-1,1,n
121,sɛm.wav,n,0,0,1,na,1,1,n
120,sɛm.wav,r,1,1,na,-1,-1,1,n
120,sɛm.wav,n,0,0,1,na,1,1,n
119,sɛm.wav,r,1,1,na,1,1,1,n
119,sɛm.wav,r,2,2,-1,na,-1,1,n
118,sɛm.wav,r,1,1,na,-1,-1,1,n
118,sɛm.wav,n,0,0,1,na,1,1,n
117,sɛm.wav,r,1,1,na,-3,-3,3,n
117,sɛm.wav,s,2,-2,3,na,3,3,n
116,sɛm.wav,n,0,0,na,1,1,1,n
116,sɛm.wav,r,1,1,-1,na,-1,1,n
114,sɛm.wav,r,1,1,na,0,0,0,n
114,sɛm.wav,r,1,1,0,na,0,0,n
113,sɛm.wav,n,0,0,na,1,1,1,n
113,sɛm.wav,r,1,1,-1,na,-1,1,n
112,sɛm.wav,s,2,-2,na,-1,-1,1,n
112,sɛm.wav,s,3,-3,1,na,1,1,n
111,sɛm.wav,r,2,2,na,0,0,0,n
111,sɛm.wav,r,2,2,0,na,0,0,n
110,sɛm.wav,n,0,0,na,0,0,0,n
110,sɛm.wav,n,0,0,0,na,0,0,n
109,sɛm.wav,n,0,0,na,0,0,0,n
109,sɛm.wav,n,0,0,0,na,0,0,n
107,sɛm.wav,r,1,1,na,1,1,1,n
107,sɛm.wav,r,2,2,-1,na,-1,1,n
106,sɛm.wav,n,0,0,na,-3,-3,3,n
106,sɛm.wav,s,3,-3,3,na,3,3,n
105,sɛm.wav,r,2,2,na,-2,-2,2,n
105,sɛm.wav,n,0,0,2,na,2,2,n
104,sɛm.wav,n,0,0,na,0,0,0,n
104,sɛm.wav,n,0,0,0,na,0,0,n
103,sɛm.wav,n,0,0,na,0,0,0,n
103,sɛm.wav,n,0,0,0,na,0,0,n
102,sɛm.wav,n,0,0,na,1,1,1,n
102,sɛm.wav,r,1,1,-1,na,-1,1,n
101,sɛm.wav,n,0,0,na,1,1,1,n
101,sɛm.wav,r,1,1,-1,na,-1,1,n
108,sɛm.wav,r,2,2,na,-1,-1,1,n
108,sɛm.wav,r,1,1,1,na,1,1,n
123,sʌg.wav,s,2,-2,na,na,na,,n
122,sʌg.wav,n,0,0,na,na,na,,n
121,sʌg.wav,n,0,0,na,na,na,,n
120,sʌg.wav,n,0,0,na,na,na,,n
119,sʌg.wav,s,1,-1,na,na,na,,n
118,sʌg.wav,r,2,2,na,na,na,,n
117,sʌg.wav,s,2,-2,na,na,na,,n
116,sʌg.wav,r,3,3,na,na,na,,n
114,sʌg.wav,r,1,1,na,na,na,,n
113,sʌg.wav,s,2,-2,na,na,na,,n
112,sʌg.wav,s,2,-2,na,na,na,,n
111,sʌg.wav,s,2,-2,na,na,na,,n
110,sʌg.wav,n,0,0,na,na,na,,n
109,sʌg.wav,r,1,1,na,na,na,,n
107,sʌg.wav,s,2,-2,na,na,na,,n
106,sʌg.wav,r,2,2,na,na,na,,n
105,sʌg.wav,r,3,3,na,na,na,,n
104,sʌg.wav,n,0,0,na,na,na,,n
103,sʌg.wav,n,0,0,na,na,na,,n
102,sʌg.wav,r,3,3,na,na,na,,n
101,sʌg.wav,s,1,-1,na,na,na,,n
108,sʌg.wav,s,1,-1,na,na,na,,n
123,vɒg.wav,r,2,2,na,0,0,0,n
123,vɒg.wav,r,2,2,0,na,0,0,n
122,vɒg.wav,r,1,1,na,-1,-1,1,n
122,vɒg.wav,n,0,0,1,na,1,1,n
121,vɒg.wav,n,0,0,na,2,2,2,n
121,vɒg.wav,r,2,2,-2,na,-2,2,n
120,vɒg.wav,s,1,-1,na,-2,-2,2,n
120,vɒg.wav,s,3,-3,2,na,2,2,n
119,vɒg.wav,s,2,-2,na,0,0,0,n
119,vɒg.wav,s,2,-2,0,na,0,0,n
118,vɒg.wav,s,1,-1,na,0,0,0,n
118,vɒg.wav,s,1,-1,0,na,0,0,n
117,vɒg.wav,r,2,2,na,-3,-3,3,n
117,vɒg.wav,s,1,-1,3,na,3,3,n
116,vɒg.wav,s,2,-2,na,0,0,0,n
116,vɒg.wav,s,2,-2,0,na,0,0,n
114,vɒg.wav,s,1,-1,na,3,3,3,n
114,vɒg.wav,r,2,2,-3,na,-3,3,n
113,vɒg.wav,r,3,3,na,-2,-2,2,n
113,vɒg.wav,r,1,1,2,na,2,2,n
112,vɒg.wav,r,2,2,na,1,1,1,n
112,vɒg.wav,r,3,3,-1,na,-1,1,n
111,vɒg.wav,s,1,-1,na,-1,-1,1,n
111,vɒg.wav,s,2,-2,1,na,1,1,n
110,vɒg.wav,s,1,-1,na,1,1,1,n
110,vɒg.wav,n,0,0,-1,na,-1,1,n
109,vɒg.wav,s,1,-1,na,0,0,0,n
109,vɒg.wav,s,1,-1,0,na,0,0,n
107,vɒg.wav,n,0,0,na,0,0,0,n
107,vɒg.wav,n,0,0,0,na,0,0,n
106,vɒg.wav,r,3,3,na,-3,-3,3,n
106,vɒg.wav,n,0,0,3,na,3,3,n
105,vɒg.wav,n,0,0,na,3,3,3,n
105,vɒg.wav,r,3,3,-3,na,-3,3,n
104,vɒg.wav,s,1,-1,na,1,1,1,n
104,vɒg.wav,n,0,0,-1,na,-1,1,n
103,vɒg.wav,n,0,0,na,0,0,0,n
103,vɒg.wav,n,0,0,0,na,0,0,n
102,vɒg.wav,r,2,2,na,-4,-4,4,n
102,vɒg.wav,s,2,-2,4,na,4,4,n
101,vɒg.wav,r,2,2,na,-1,-1,1,n
101,vɒg.wav,r,1,1,1,na,1,1,n
108,vɒg.wav,n,0,0,na,0,0,0,n
108,vɒg.wav,n,0,0,0,na,0,0,n
123,vɒp.wav,s,3,-3,na,5,5,5,n
123,vɒp.wav,r,2,2,-5,na,-5,5,n
122,vɒp.wav,n,0,0,na,1,1,1,n
122,vɒp.wav,r,1,1,-1,na,-1,1,n
121,vɒp.wav,r,2,2,na,-2,-2,2,n
121,vɒp.wav,n,0,0,2,na,2,2,n
120,vɒp.wav,s,1,-1,na,2,2,2,n
120,vɒp.wav,r,1,1,-2,na,-2,2,n
119,vɒp.wav,s,3,-3,na,5,5,5,n
119,vɒp.wav,r,2,2,-5,na,-5,5,n
118,vɒp.wav,r,1,1,na,0,0,0,n
118,vɒp.wav,r,1,1,0,na,0,0,n
117,vɒp.wav,s,2,-2,na,3,3,3,n
117,vɒp.wav,r,1,1,-3,na,-3,3,n
116,vɒp.wav,s,2,-2,na,4,4,4,n
116,vɒp.wav,r,2,2,-4,na,-4,4,n
114,vɒp.wav,r,1,1,na,2,2,2,n
114,vɒp.wav,r,3,3,-2,na,-2,2,n
113,vɒp.wav,r,2,2,na,-1,-1,1,n
113,vɒp.wav,r,1,1,1,na,1,1,n
112,vɒp.wav,r,3,3,na,-2,-2,2,n
112,vɒp.wav,r,1,1,2,na,2,2,n
111,vɒp.wav,r,1,1,na,-1,-1,1,n
111,vɒp.wav,n,0,0,1,na,1,1,n
110,vɒp.wav,n,0,0,na,-2,-2,2,n
110,vɒp.wav,s,2,-2,2,na,2,2,n
109,vɒp.wav,s,2,-2,na,1,1,1,n
109,vɒp.wav,s,1,-1,-1,na,-1,1,n
107,vɒp.wav,r,2,2,na,0,0,0,n
107,vɒp.wav,r,2,2,0,na,0,0,n
106,vɒp.wav,r,2,2,na,-2,-2,2,n
106,vɒp.wav,n,0,0,2,na,2,2,n
105,vɒp.wav,r,2,2,na,1,1,1,n
105,vɒp.wav,r,3,3,-1,na,-1,1,n
104,vɒp.wav,n,0,0,na,0,0,0,n
104,vɒp.wav,n,0,0,0,na,0,0,n
103,vɒp.wav,n,0,0,na,0,0,0,n
103,vɒp.wav,n,0,0,0,na,0,0,n
102,vɒp.wav,s,2,-2,na,2,2,2,n
102,vɒp.wav,n,0,0,-2,na,-2,2,n
101,vɒp.wav,s,2,-2,na,0,0,0,n
101,vɒp.wav,s,2,-2,0,na,0,0,n
108,vɒp.wav,n,0,0,na,0,0,0,n
108,vɒp.wav,n,0,0,0,na,0,0,n
123,vin.wav,r,2,2,na,-4,-4,4,n
123,vin.wav,s,2,-2,4,na,4,4,n
122,vin.wav,n,0,0,na,0,0,0,n
122,vin.wav,n,0,0,0,na,0,0,n
121,vin.wav,n,0,0,na,0,0,0,n
121,vin.wav,n,0,0,0,na,0,0,n
120,vin.wav,s,1,-1,na,0,0,0,n
120,vin.wav,s,1,-1,0,na,0,0,n
119,vin.wav,r,2,2,na,0,0,0,n
119,vin.wav,r,2,2,0,na,0,0,n
118,vin.wav,r,1,1,na,1,1,1,n
118,vin.wav,r,2,2,-1,na,-1,1,n
117,vin.wav,s,2,-2,na,3,3,3,n
117,vin.wav,r,1,1,-3,na,-3,3,n
116,vin.wav,r,2,2,na,-3,-3,3,n
116,vin.wav,s,1,-1,3,na,3,3,n
114,vin.wav,r,2,2,na,-3,-3,3,n
114,vin.wav,s,1,-1,3,na,3,3,n
113,vin.wav,n,0,0,na,3,3,3,n
113,vin.wav,r,3,3,-3,na,-3,3,n
112,vin.wav,r,1,1,na,0,0,0,n
112,vin.wav,r,1,1,0,na,0,0,n
111,vin.wav,s,2,-2,na,1,1,1,n
111,vin.wav,s,1,-1,-1,na,-1,1,n
110,vin.wav,r,1,1,na,-1,-1,1,n
110,vin.wav,n,0,0,1,na,1,1,n
109,vin.wav,n,0,0,na,-2,-2,2,n
109,vin.wav,s,2,-2,2,na,2,2,n
107,vin.wav,r,1,1,na,-1,-1,1,n
107,vin.wav,n,0,0,1,na,1,1,n
106,vin.wav,s,3,-3,na,1,1,1,n
106,vin.wav,s,2,-2,-1,na,-1,1,n
105,vin.wav,s,1,-1,na,1,1,1,n
105,vin.wav,n,0,0,-1,na,-1,1,n
104,vin.wav,n,0,0,na,0,0,0,n
104,vin.wav,n,0,0,0,na,0,0,n
103,vin.wav,n,0,0,na,-1,-1,1,n
103,vin.wav,s,1,-1,1,na,1,1,n
102,vin.wav,s,1,-1,na,3,3,3,n
102,vin.wav,r,2,2,-3,na,-3,3,n
101,vin.wav,r,1,1,na,0,0,0,n
101,vin.wav,r,1,1,0,na,0,0,n
108,vin.wav,r,1,1,na,0,0,0,n
108,vin.wav,r,1,1,0,na,0,0,n
123,vʌd.wav,r,1,1,na,-4,-4,4,n
123,vʌd.wav,s,3,-3,4,na,4,4,n
122,vʌd.wav,n,0,0,na,0,0,0,n
122,vʌd.wav,n,0,0,0,na,0,0,n
121,vʌd.wav,n,0,0,na,0,0,0,n
121,vʌd.wav,n,0,0,0,na,0,0,n
120,vʌd.wav,r,1,1,na,-3,-3,3,n
120,vʌd.wav,s,2,-2,3,na,3,3,n
119,vʌd.wav,s,2,-2,na,4,4,4,n
119,vʌd.wav,r,2,2,-4,na,-4,4,n
118,vʌd.wav,s,2,-2,na,1,1,1,n
118,vʌd.wav,s,1,-1,-1,na,-1,1,n
117,vʌd.wav,s,1,-1,na,1,1,1,n
117,vʌd.wav,n,0,0,-1,na,-1,1,n
116,vʌd.wav,s,2,-2,na,1,1,1,n
116,vʌd.wav,s,1,-1,-1,na,-1,1,n
114,vʌd.wav,r,1,1,na,-2,-2,2,n
114,vʌd.wav,s,1,-1,2,na,2,2,n
113,vʌd.wav,s,3,-3,na,4,4,4,n
113,vʌd.wav,r,1,1,-4,na,-4,4,n
112,vʌd.wav,r,1,1,na,1,1,1,n
112,vʌd.wav,r,2,2,-1,na,-1,1,n
111,vʌd.wav,r,2,2,na,-2,-2,2,n
111,vʌd.wav,n,0,0,2,na,2,2,n
110,vʌd.wav,s,2,-2,na,0,0,0,n
110,vʌd.wav,s,2,-2,0,na,0,0,n
109,vʌd.wav,s,1,-1,na,0,0,0,n
109,vʌd.wav,s,1,-1,0,na,0,0,n
107,vʌd.wav,r,2,2,na,0,0,0,n
107,vʌd.wav,r,2,2,0,na,0,0,n
106,vʌd.wav,n,0,0,na,-2,-2,2,n
106,vʌd.wav,s,2,-2,2,na,2,2,n
105,vʌd.wav,n,0,0,na,1,1,1,n
105,vʌd.wav,r,1,1,-1,na,-1,1,n
104,vʌd.wav,n,0,0,na,0,0,0,n
104,vʌd.wav,n,0,0,0,na,0,0,n
103,vʌd.wav,n,0,0,na,0,0,0,n
103,vʌd.wav,n,0,0,0,na,0,0,n
102,vʌd.wav,n,0,0,na,1,1,1,n
102,vʌd.wav,r,1,1,-1,na,-1,1,n
101,vʌd.wav,r,1,1,na,1,1,1,n
101,vʌd.wav,r,2,2,-1,na,-1,1,n
108,vʌd.wav,r,2,2,na,0,0,0,n
108,vʌd.wav,r,2,2,0,na,0,0,n
